"Nome","title","publishedAt","video_id","views"
"Marilia Mendon√ßa","Minha Heran√ßa - Mar√≠lia Mendon√ßa",2013-05-13,"d-YI4ywvxm0",460707
"Marilia Mendon√ßa","Um degrau na escada - Mar√≠lia Mendon√ßa",2013-05-13,"qPwGefvC2r8",165457
"Marilia Mendon√ßa","Um s√©culo sem ti - Matogrosso & Mathias por Mar√≠lia Mendon√ßa",2013-05-18,"dUCQX2s8EFU",84578
"Marilia Mendon√ßa","Te Esperando - Luan Santana por Mar√≠lia Mendon√ßa",2013-05-14,"VUz5ZAGpy-8",104147
"Marilia Mendon√ßa","Mar√≠lia Mendon√ßa - A voz do cora√ß√£o [ Lyric V√≠deo ]",2014-11-10,"W1dwp9fi3No",2273740
"Marilia Mendon√ßa","Mar√≠lia Mendon√ßa - Sentimento Louco [ V√≠deo Oficial ]",2014-12-11,"rNfQxtv3Yok",5168244
"Marilia Mendon√ßa","Mar√≠lia Mendon√ßa - Sentimento Louco  [ Lyric V√≠deo ]",2014-11-03,"CjX7Umm9O4M",1124768
"Marilia Mendon√ßa","Mar√≠lia MendoncÃßa - O que falta em voceÃÇ sou eu [ Lyric V√≠deo ]",2014-11-07,"eaWgpXGbJ18",574945
"Marilia Mendon√ßa","Mar√≠lia MendoncÃßa - Essas nossas brigas [ Lyric V√≠deo ]",2014-11-07,"9O3CdvGghKM",305871
"Marilia Mendon√ßa","Mar√≠lia MendoncÃßa - Me desculpe mas eu sou fiel [ Lyric V√≠deo ]",2014-11-07,"P2z494OFRzE",159846
"Marilia Mendon√ßa","Mar√≠lia MendoncÃßa - AloÃÇ porteiro [ Lyric V√≠deo ]",2014-11-07,"wPuMX9--sfY",325404
"Marilia Mendon√ßa","Mar√≠lia Mendon√ßa - O Que Falta Em Voc√™ Sou Eu - V√≠deo Oficial do DVD",2015-08-07,"CxKRaR6kFYs",74256203
"Marilia Mendon√ßa","Mar√≠lia Mendon√ßa Impasse Part Henrique e Juliano - V√≠deo Oficial do DVD",2015-07-14,"HL_uHQDi_0w",123657242
"Marilia Mendon√ßa","Mar√≠lia Mendon√ßa - Sil√™ncio - V√≠deo Oficial do DVD",2015-07-30,"rEPjVthTNWg",34127188
"Marilia Mendon√ßa","Mar√≠lia Mendon√ßa - Me Desculpe Mas Eu Sou Fiel - V√≠deo Oficial do DVD",2015-08-08,"hP23CNAyPQ4",50249440
"Marilia Mendon√ßa","Mar√≠lia Mendon√ßa - Como faz com ela - V√≠deo Oficial do DVD",2015-07-26,"JPWjJlNtE_w",132981314
"Marilia Mendon√ßa","Mar√≠lia Mendon√ßa - Entre Quatro Paredes - V√≠deo Oficial do DVD",2015-08-17,"TOTV-LPQz4I",42152946
"Marilia Mendon√ßa","Mar√≠lia Mendon√ßa - Folgado - V√≠deo Oficial do DVD",2015-07-29,"2HwD3wliSgw",84238944
"Marilia Mendon√ßa","Mar√≠lia Mendon√ßa - Quatro e quinze - V√≠deo Oficial do DVD",2015-07-29,"RRozxcyu0kI",75406563
"Marilia Mendon√ßa","Mar√≠lia Mendon√ßa - Hoje Somos S√≥ Metade - V√≠deo Oficial do DVD",2015-07-24,"4FDIWr0K6sA",38025381
"Marilia Mendon√ßa","Mar√≠lia Mendon√ßa - Essas Nossas Brigas - V√≠deo Oficial do DVD",2015-08-09,"9B7_KTYrTeM",57325097
"Marilia Mendon√ßa","Mar√≠lia Mendon√ßa - O Que √â Amor Pra Voc√™ - V√≠deo Oficial do DVD",2015-07-21,"wqtRqLWe8Uo",81531343
"Marilia Mendon√ßa","Mar√≠lia Mendon√ßa - Sentimento Louco - V√≠deo Oficial do DVD",2015-08-06,"mdiX9gfiBjU",161110923
"Marilia Mendon√ßa","Mar√≠lia Mendon√ßa - Infiel - V√≠deo Oficial do DVD",2015-07-25,"eCyMh-mZ1B0",332446636
"Marilia Mendon√ßa","Mar√≠lia Mendon√ßa - Meu Cupido √© Gari - V√≠deo Oficial do DVD",2015-08-14,"cUsYWdJzmeM",91795494
"Marilia Mendon√ßa","Mar√≠lia Mendon√ßa - Al√¥ Porteiro - V√≠deo Oficial do DVD",2015-08-05,"a1w0lsZX8Lk",152223701
"Marilia Mendon√ßa","Mar√≠lia Mendon√ßa - Esse Cara Aqui Do Lado - V√≠deo Oficial do DVD",2015-07-27,"M0y38wobAyo",57199405
"Marilia Mendon√ßa","Marilia Mendon√ßa - Me desculpe mas eu sou fiel [ V√≠deo Oficial ]",2015-01-19,"Ew-R9NtK0Yk",938728
"Marilia Mendon√ßa","Mar√≠lia MendoncÃßa - AloÃÇ porteiro",2015-06-25,"KFJIBTeUMF8",467171
"Marilia Mendon√ßa","Mar√≠lia Mendon√ßa - Eu Sei De Cor #MariliaMendoncaEuSeiDeCor (Agora √© que s√£o elas)",2016-08-25,"2QTCKfVN1ZE",89341180
"Marilia Mendon√ßa","Mar√≠lia Mendon√ßa - O Que √© Que Voc√™ Viu Em Mim - V√≠deo Oficial 2016",2016-04-29,"b0BgEGNnOaM",33320394
"Marilia Mendon√ßa","Mar√≠lia Mendon√ßa - N√£o Casa N√£o - V√≠deo Oficial 2016",2016-04-20,"GLIn9ohPm_o",23568852
"Marilia Mendon√ßa","Mar√≠lia Mendon√ßa - Saudade Do Meu Ex #MariliaMendoncaSaudadeDoMeuEX (Agora √© que s√£o elas)",2016-09-08,"TMar-QdQPlc",47552995
"Marilia Mendon√ßa","Mar√≠lia Mendon√ßa - Pare o Avi√£o - V√≠deo Oficial 2016",2016-05-04,"Um9pCMAWd6s",12535241
"Marilia Mendon√ßa","Mar√≠lia Mendon√ßa ‚Äì Folgado #MariliaMendoncaAgora√©QueSaoElas",2016-09-22,"4i31JcAoM2U",4665557
"Marilia Mendon√ßa","Mar√≠lia Mendon√ßa - Eu Sei De Cor - DVD Realidade",2016-10-20,"sS2yCCi2Mek",235999362
"Marilia Mendon√ßa","Mar√≠lia Mendon√ßa ‚Äì Infiel #MariliaMendoncaAgora√©QueSaoElas",2016-09-22,"lWv-Mm8xKig",7067250
"Marilia Mendon√ßa","Mar√≠lia Mendon√ßa - Teaser do DVD Realidade - #DvdRealidadeDeMariliaMendonca",2016-10-25,"tn1jLUFoEr0",1165191
"Marilia Mendon√ßa","Mar√≠lia Mendon√ßa - De Quem √â A Culpa? - DVD Realidade",2017-01-13,"5hnSlCygsTs",63771272
"Marilia Mendon√ßa","Mar√≠lia Mendon√ßa part. Henrique e Juliano ‚Äì Mudou A Esta√ß√£o - DVD Realidade",2017-01-27,"-IYIVmoEXa8",25736054
"Marilia Mendon√ßa","Mar√≠lia Mendon√ßa - N√£o Casa N√£o - DVD Realidade",2017-01-27,"Kcfjhr3rIGg",8993926
"Marilia Mendon√ßa","Mar√≠lia Mendon√ßa ‚Äì Perto de Voc√™ - DVD Realidade",2017-01-20,"3MRej_lv4ks",11974466
"Marilia Mendon√ßa","Mar√≠lia Mendon√ßa ‚Äì At√© o Tempo Passa - DVD Realidade",2017-01-20,"BgcsPtsJTmI",11813280
"Marilia Mendon√ßa","Mar√≠lia Mendon√ßa - Amante N√£o Tem Lar - DVD Realidade",2017-01-13,"OT7PpQEz7rc",54615963
"Marilia Mendon√ßa","Mar√≠lia Mendon√ßa ‚Äì Se Ame Mais - DVD Realidade",2017-02-10,"UudUvcOZyMw",6196860
"Marilia Mendon√ßa","Mar√≠lia Mendon√ßa ‚Äì Sofrendo Por 3 - DVD Realidade",2017-01-27,"IvPWEdnpWHU",7772259
"Marilia Mendon√ßa","Mar√≠lia Mendon√ßa - Trai√ß√£o N√£o Tem Perd√£o - DVD Realidade",2017-01-13,"MHE3lM6nStU",34408674
"Marilia Mendon√ßa","Mar√≠lia Mendon√ßa ‚Äì Nem Foi e J√° Voltou - DVD Realidade",2017-02-03,"K6ScoGai3A0",7322762
"Marilia Mendon√ßa","Mar√≠lia Mendon√ßa ‚Äì Por Mais 3 Horas - DVD Realidade",2017-02-03,"ivlDh1YEi6U",5562366
"Marilia Mendon√ßa","Mar√≠lia Mendon√ßa ‚Äì Ei Saudade - DVD Realidade",2017-01-20,"f9C9aBUQVOg",12041434
"Marilia Mendon√ßa","Mar√≠lia Mendon√ßa ‚Äì Olha S√≥ Voc√™ - DVD Realidade",2017-02-03,"OWSDq4_8NiA",8404529
"Marilia Mendon√ßa","Mar√≠lia Mendon√ßa ‚Äì A Gente N√£o Se Aguenta ‚Äì DVD Realidade",2017-02-10,"Way9cIOUs4k",4800632
"Marilia Mendon√ßa","Mar√≠lia Mendon√ßa ‚Äì A Gente N√£o T√° Junto ‚Äì DVD Realidade",2017-02-17,"etsjaEmLSfA",5026642
"Marilia Mendon√ßa","Mar√≠lia Mendon√ßa - Saudade Do Meu Ex - DVD Realidade",2017-02-17,"dHcpB3DsFyM",2484515
"Marilia Mendon√ßa","Mar√≠lia Mendon√ßa ‚Äì Eu N√£o Sou Novela - DVD Realidade",2017-02-10,"NN3_g4T3Kok",2988108
"Marilia Mendon√ßa","Mar√≠lia Mendon√ßa - Infiel - DVD Realidade",2017-02-17,"1teK3Gj0jJc",2074922
"Marilia Mendon√ßa","Maykow & Bruno part. Mar√≠lia Mendon√ßa - Eu T√¥ Com Ismo [V√≠deo Oficial]",2017-02-03,"WKTzT93W6BA",8296098
"Marilia Mendon√ßa","Mar√≠lia Mendon√ßa - Eu Sei De Cor  | Pr√™mio YouTube Carnaval 2017",2017-03-09,"ZzKgAynPBEw",337431
"Maiara e Maraisa","Maiara & Maraisa - No Dia Do Seu Casamento (Clipe)",2013-10-17,"mzsKRKwWKPg",7478224
"Maiara e Maraisa","Maiara & Maraisa - Amores da Minha Vida",2013-10-16,"WR9XiYOdxRE",449071
"Maiara e Maraisa","Maiara & Maraisa -  No Dia Do Seu Casamento",2013-08-09,"Snro5asx4A4",1119775
"Maiara e Maraisa","Maiara & Maraisa - N√≠veis de Bebida",2013-10-16,"vmuxAtyzy1I",362787
"Maiara e Maraisa","Maiara & Maraisa - Sem Tirar a Roupa",2013-10-16,"omHHWxNyQAM",331467
"Maiara e Maraisa","Maiara & Mara√≠sa - Encontro com o Passado",2013-10-16,"7fuV1OI7Sak",155751
"Maiara e Maraisa","Maiara & Maraisa - Show Completo",2014-03-28,"mlj15k9Kre0",530090
"Maiara e Maraisa","Maiara & Maraisa - √â Rolo part. (Jorge & Mateus)",2014-05-27,"4HUDn2NtZJ8",1252756
"Maiara e Maraisa","Maiara & Maraisa - Cuida Bem Dela (Nossas Can√ß√µes)",2014-09-26,"Bp3DuduwfOE",185699
"Maiara e Maraisa","Maiara & Maraisa - Dois Idiotas (Lan√ßamento 2014)",2014-07-24,"iaEHPGcE3n4",950935
"Maiara e Maraisa","Maiara & Maraisa - Open Bar",2014-01-14,"6tuZa3JSdN4",429780
"Maiara e Maraisa","Maiara & Maraisa - Show Completo",2014-01-14,"vmHuTxavIzU",361972
"Maiara e Maraisa","Maiara & Maraisa - Voc√™ Se Transformou",2014-12-16,"e8gVC14HAZc",289043
"Maiara e Maraisa","Maiara & Maraisa - A Pessoa Errada",2014-02-07,"WyyZ9ZaZcdA",250752
"Maiara e Maraisa","Maiara & Maraisa - Medo Bobo (Ao Vivo em Goi√¢nia)",2015-08-16,"Jzl_nrTkfIM",324276776
"Maiara e Maraisa","Maiara & Maraisa - Se Olha No Espelho (part. Cristiano Ara√∫jo) [Ao Vivo em Goi√¢nia]",2015-07-03,"xtP_rv0n198",117662326
"Maiara e Maraisa","Maiara e Maraisa - Te Procurava De Novo - (Ao Vivo em Goi√¢nia)",2015-10-06,"ZVWZtuKKm24",35311596
"Maiara e Maraisa","Maiara & Maraisa - Luz de Velas (Ao Vivo em Goi√¢nia)",2015-07-31,"AXWdgyaGYQs",11918257
"Maiara e Maraisa","Maiara & Maraisa - Fala a Verdade (part. Jorge & Mateus) [Ao Vivo em Goi√¢nia]",2015-06-23,"NI2ZwG2KdOI",73267964
"Maiara e Maraisa","Maiara e Maraisa - Quase Um Casal (Ao Vivo em Goi√¢nia)",2015-09-24,"edDIoPdiAAg",51826111
"Maiara e Maraisa","Maiara e Maraisa - No Dia Do Seu Casamento (Ao Vivo em Goi√¢nia)",2015-10-27,"Q9q0tDPi6D4",41755013
"Maiara e Maraisa","Maiara e Maraisa - Dois idiotas - Part. Bruno e Marrone (Ao Vivo em Goi√¢nia)",2015-09-22,"FU-RT_ENu88",49561431
"Maiara e Maraisa","Maiara e Maraisa - Mexidinho (Ao Vivo em Goi√¢nia)",2015-09-28,"2tHUqEdQTqA",41156943
"Maiara e Maraisa","Maiara e Maraisa - Encontro Com O Passado (Ao Vivo em Goi√¢nia)",2015-10-01,"mI2AORZppuw",37549188
"Maiara e Maraisa","Maiara e Maraisa - Motel part. Mar√≠lia Mendon√ßa (Ao Vivo em Goi√¢nia)",2015-10-02,"LNBilHFezTQ",73657520
"Maiara e Maraisa","Maiara e Maraisa - Show Completo (Ao Vivo em Goi√¢nia)",2015-10-15,"NGkmSj4_RJQ",18614004
"Maiara e Maraisa","Maiara e Maraisa - Sem Tirar A Roupa (Ao Vivo em Goi√¢nia)",2015-10-26,"yZVqk1eJMrk",28702408
"Maiara e Maraisa","Maiara e Maraisa - Voc√™ Se Transformou (Ao Vivo em Goi√¢nia)",2015-10-20,"xkvrATfJZfY",31454144
"Maiara e Maraisa","Maiara & Maraisa - 10% (Ao Vivo em Goi√¢nia)",2015-07-16,"JybMBMTHWP8",338604427
"Maiara e Maraisa","Maiara e Maraisa - Turma do AA (Ao Vivo em Goi√¢nia)",2015-10-13,"fNAk5qPoxAM",17458452
"Maiara e Maraisa","Maiara e Maraisa - √â Rolo (Ao Vivo em Goi√¢nia)",2015-11-03,"ETqAigVI4jM",17404192
"Maiara e Maraisa","Maiara e Maraisa - Pessoa Errada [Ao Vivo em Goi√¢nia]",2015-11-16,"lPXinWn-azQ",40253979
"Maiara e Maraisa","Maiara & Maraisa - Voz Marcante (Jos√© Rico)",2015-03-05,"SrmVZCmYux8",137385
"Maiara e Maraisa","Maiara e Maraisa - Voc√™ Faz Falta Aqui (Agora √© que s√£o elas) [V√≠deo Oficial]",2016-08-18,"6eeIb4byI-A",58340446
"Maiara e Maraisa","Maiara e Maraisa - Cruzando Os Dedos #MaiaraeMaraisaCruzandoOsDedos (Agora √© que s√£o elas)",2016-09-01,"BU-eczkykzo",28593116
"Maiara e Maraisa","Maiara e Maraisa - ""Medo Bobo"" #MaiaraeMaraisaAgora√©QueSaoElas",2016-09-15,"EQx0-ebx9ag",15694272
"Maiara e Maraisa","Maiara e Maraisa - Cruzando Os Dedos - DVD Ao Vivo Em Campo Grande",2016-11-18,"QnXR_HbohgA",7900028
"Maiara e Maraisa","Maiara e Maraisa - Voc√™ Faz Falta Aqui - DVD Ao Vivo Em Campo Grande",2016-11-07,"_pD1nR2qqPg",78178362
"Maiara e Maraisa","Maiara e Maraisa - 10% #MaiaraeMaraisaAgora√©QueSaoElas",2016-09-15,"ZsLD-3lP0oU",6415121
"Maiara e Maraisa","Maiara e Maraisa ‚Äì Bengala e Croch√™ - DVD Ao Vivo Em Campo Grande",2017-01-13,"gEhLchr8ZYo",24074506
"Maiara e Maraisa","Maiara e Maraisa ‚Äì Sorte Que C√™ Beija Bem - DVD Ao Vivo Em Campo Grande",2017-01-13,"soC-46cfs_w",49961828
"Maiara e Maraisa","Maiara e Maraisa ‚Äì  Melhor Terminar - DVD Ao Vivo Em Campo Grande",2017-01-20,"Jmf1c2AsAhA",13586405
"Maiara e Maraisa","Maiara e Maraisa ‚Äì Disk Sexy - DVD Ao Vivo Em Campo Grande",2017-01-20,"n92GUgdhtT4",7125737
"Maiara e Maraisa","Maiara e Maraisa ‚Äì Se Seu Cora√ß√£o Falasse - DVD Ao Vivo Em Campo Grande",2017-01-20,"_Jz2ZwLOw88",9573254
"Maiara e Maraisa","Maiara e Maraisa ‚Äì Com√© Que Larga Desse Trem - DVD Ao Vivo Em Campo Grande",2017-02-21,"mbOI8x4dea8",2618492
"Maiara e Maraisa","Maiara e Maraisa ‚Äì Casalzinho Butequeiro - DVD Ao Vivo Em Campo Grande",2017-02-10,"WGhgzkySh0A",3220628
"Maiara e Maraisa","Maiara e Maraisa ‚Äì Sob Nova Dire√ß√£o - DVD Ao Vivo Em Campo Grande",2017-01-13,"FKTU6WDWW0k",22473727
"Maiara e Maraisa","Maiara e Maraisa ‚Äì L√°grimas - DVD Ao Vivo Em Campo Grande",2017-01-27,"CGr9v1Zq6bw",4558795
"Maiara e Maraisa","Maiara e Maraisa ‚Äì Sem Legenda - DVD Ao Vivo Em Campo Grande",2017-01-27,"eSP_dcg5pE4",2394417
"Maiara e Maraisa","Maiara e Maraisa ‚Äì Quando Assunto √© Cama - DVD Ao Vivo Em Campo Grande",2017-02-10,"I9FloIDdkuI",2880893
"Maiara e Maraisa","Maiara e Maraisa ‚Äì Campo Minado - DVD Ao Vivo Em Campo Grande",2017-02-10,"Gobegmm3KXg",1704414
"Maiara e Maraisa","Maiara e Maraisa ‚Äì Eu Tenho Nojo - DVD Ao Vivo Em Campo Grande",2017-02-03,"WghFis8MzRY",2091145
"Maiara e Maraisa","Maiara e Maraisa ‚Äì Cora√ß√£o Programado - DVD Ao Vivo Em Campo Grande",2017-02-17,"jzxTo5IuOoA",1761571
"Maiara e Maraisa","Maiara e Maraisa ‚Äì 5 Minutos ou 50 Anos - DVD Ao Vivo Em Campo Grande",2017-02-17,"WK3stcmH6yc",1952673
"Maiara e Maraisa","Maiara e Maraisa ‚Äì Por Telefone N√£o - DVD Ao Vivo Em Campo Grande",2017-01-27,"Bq7B-12raBU",2938865
"Maiara e Maraisa","Maiara e Maraisa ‚Äì Bagun√ßa Arrumada - DVD Ao Vivo Em Campo Grande",2017-02-03,"fUARbNngaEs",1820396
"Maiara e Maraisa","Maiara e Maraisa ‚Äì Medo Bobo - DVD Ao Vivo Em Campo Grande",2017-03-17,"h14edGi7pTA",1492194
"Maiara e Maraisa","Maiara e Maraisa - 10% - DVD Ao Vivo Em Campo Grande",2017-02-17,"zpOSJ22Ai7s",1239556
"Maiara e Maraisa","Maiara e Maraisa ‚Äì Combina Demais - DVD Ao Vivo Em Campo Grande",2017-03-17,"0JeNBLrycew",1219334
"Simone e Simaria","Simone & Simaria - Regime Fechado (Ao Vivo)",2016-10-19,"b_cNrFAVMTo",48335617
"Simone e Simaria","Simone & Simaria - Amor Mal Resolvido ft. Jorge & Mateus",2016-08-05,"M6mPU3zFM_k",101388903
"Simone e Simaria","Simone & Simaria - Duvido Voc√™ N√£o Tomar Uma (Ao Vivo)",2016-10-28,"-Bpvk6wIHus",15164110
"Simone e Simaria","Simone & Simaria - 126 Cabides",2016-08-23,"dcOzCdvp3iI",50044978
"Simone e Simaria","Simone & Simaria - 126 Cabides (Ao Vivo)",2016-09-30,"m2w90FSkKzc",12883886
"Simone e Simaria","Simone & Simaria - Quando O Mel √â Bom (Ao Vivo)",2016-11-04,"JQclOn7P9Ew",5751387
"Simone e Simaria","Simone & Simaria - Meu Viol√£o E O Nosso Cachorro (Ao Vivo)",2016-10-14,"R-SYPx9424I",2420253
"Simone e Simaria","Simone & Simaria - Duvido Voc√™ N√£o Tomar Uma (Lyric Video)",2016-07-11,"xuX-BeLLRnk",2894035
"Simone e Simaria","Simone & Simaria - Loka ft. Anitta",2017-01-06,"UrT0zCmsN8c",254673723
"Simone e Simaria","Simone & Simaria - Amando Por Um (Ao Vivo)",2017-02-24,"JQkG6uc46Cw",4140628
"Simone e Simaria","Simone & Simaria - Chora Boy (Ao Vivo)",2017-03-24,"LTYb2FnzYkY",1806908
"Simone e Simaria","Simone & Simaria - Amor De Motel (Ao Vivo)",2017-03-10,"hlO4VPu9Wvg",2538043
"Simone e Simaria","Simone & Simaria - Quem Me Viu Mentiu (Ao Vivo)",2017-02-24,"GhIMluGyYVU",3246972
"Simone e Simaria","Simone & Simaria - Fica Com Essa Bandida (Ao Vivo)",2017-03-10,"Fr6eetmhTcc",4170663
"Simone e Simaria","Simone & Simaria, Bruno & Marrone - Te Amo Chega D√° Raiva (Ao Vivo)",2017-03-10,"xczkAt-lUBk",1392178
"Simone e Simaria","Simone & Simaria - Agora E Sempre (Ao Vivo)",2017-02-24,"XdHrHDwxOQU",2597972
"Simone e Simaria","Simone & Simaria - Leg√≠tima Defesa (Ao Vivo)",2017-03-24,"QhOxnZOhPf0",1477083
"Naiara Azevedo","Naiara Azevedo - Coitado",2011-03-29,"QlODF8Z5emo",2697881
"Naiara Azevedo","Naiara Azevedo canta Coitado no Programa da Eliana",2011-08-15,"NB1uTgPf_Hc",640680
"Naiara Azevedo","NAIARA AZEVEDO ( COITADO ) E AMARILDO BORGES  MUSICO E COMPOSITOR",2011-04-27,"-oX5FH9kqTo",21273
"Naiara Azevedo","Naiara Azevedo - Voc√™ Voc√™  OFICIAL",2011-09-13,"O3S5v6jT_CE",54079
"Naiara Azevedo","Naiara Azevedo - Se O Cora√ß√£o Dispara",2011-03-26,"FNVisy9JvZg",38404
"Naiara Azevedo","Naiara Azevedo - Exclusividade",2011-03-26,"1V24jj4qKMM",26724
"Naiara Azevedo","Naiara Azevedo - Glacial",2011-03-26,"13UwnyZ6Jhs",11213
"Naiara Azevedo","Naiara Azevedo - Fique A√≠ Com Suas Primas",2011-03-26,"rHG0XySlO4I",65104
"Naiara Azevedo","Naiara Azevedo - Se Liga",2011-03-26,"HaDODjiCPEc",88541
"Naiara Azevedo","Naiara Azevedo - Carapu√ßa",2011-03-26,"l1CaxLLfD6g",27137
"Naiara Azevedo","Show Naiara Azevedo em Minas Gerais dia 20/11/2011 Grande Vale Fm.",2011-11-23,"jTKB5S1cjjA",16312
"Naiara Azevedo","Naiara Azevedo e Marcelo - Amor Rebelde",2011-06-30,"U5XB5rra3IY",5092
"Naiara Azevedo","Naiara Azevedo - Vai Procurar Outra",2011-03-26,"-PX3g8ZYcdw",38675
"Naiara Azevedo","Naiara Azevedo - Me Enganar",2011-03-26,"3POPMq2GZj8",53886
"Naiara Azevedo","Abertura do show Naiara Azevedo Com Voc√™ Voc√™.",2011-11-23,"5l-WsFAq-Hs",4802
"Naiara Azevedo","A Mam√£e Chegou - Naiara Azevedo [OFICIAL]",2012-02-29,"voEdZfLz9_M",1293314
"Naiara Azevedo","Naiara Azevedo Coitado DVD",2012-09-21,"2nNQv4edCIY",5642
"Naiara Azevedo","Naiara Azevedo e Mr Catra  Mulher NaÃÉo Trai (clipe Oficial) HD",2013-10-29,"OKZRBt_Bw5k",7097924
"Naiara Azevedo","Naiara Azevedo Mam√£e Passou Pimenta (Clipe Oficial DVD HD)",2013-12-13,"OtrzH2OCEJA",2014635
"Naiara Azevedo","Naiara Azevedo - Uma chance pra n√≥s dois (Part. Humberto e Ronaldo)",2013-04-11,"3447Hd_rECM",966891
"Naiara Azevedo","Naiara Azevedo - Cabe√ßa de gado",2013-04-11,"d5w9jlBt_bQ",385935
"Naiara Azevedo","Naiara Azevedo - T√° querendo me amar (Part. Z√© Ricardo e Thiago)",2013-11-26,"o4V7DhkrP8Y",134240
"Naiara Azevedo","Naiara Azevedo na estrada",2013-08-02,"Idi01o9kANA",30257
"Naiara Azevedo","O GIGANTE ACORDOU - Naiara Azevedo",2013-06-19,"iyrpqnRwR2c",16195
"Naiara Azevedo","TEASER NAIARA AZEVEDO (OFICIAL HD)",2013-10-22,"eyoHcpNtBjQ",6257
"Naiara Azevedo","Naiara Azevedo - Canal oficial Youtube",2013-04-26,"-COGuDCPQdQ",9967
"Naiara Azevedo","Naiara Azevedo  - Mam√£e Passou A√ßucar em Mim",2013-04-11,"eRlUz8WYZts",125044
"Naiara Azevedo","Naiara Azevedo - Recado com carinhos pros meus xuxus",2013-04-11,"2XGzFzg1jJw",14550
"Naiara Azevedo","Naiara Azevedo Se Quer a Verdade (Clipe Oficial DVD HD)",2014-01-25,"1CV0sCfOkbY",12384669
"Naiara Azevedo","Naiara Azevedo Gota D''√Ågua (Clipe Oficial DVD HD)",2014-01-13,"1Kftoi7O3YQ",3154021
"Naiara Azevedo","Naiara Azevedo Chumbo Trocado N√£o D√≥i (Clipe Oficial DVD HD)",2014-01-23,"xqu0C398oRs",2575948
"Naiara Azevedo","Naiara Azevedo - OBRIGADO M√ÉE (Clipe Oficial)",2014-04-04,"s0D9BcIpRPw",2278371
"Naiara Azevedo","Naiara Azevedo N√≥ na Garganta (Clipe Oficial DVD HD)",2014-01-25,"id7pvSo0JFg",1499501
"Naiara Azevedo","Naiara Azevedo COITADO (Clipe Oficial DVD HD)",2014-01-23,"cus-lGN0vds",3437435
"Naiara Azevedo","Naiara Azevedo Part: Thiago Brava Vai Ser De Enlouquecer (Clipe Oficial DVD HD)",2014-01-16,"GL_fIz9TbHI",3046295
"Naiara Azevedo","Naiara Azevedo Louca e Pr√°tica (Clipe Oficial DVD HD)",2014-01-23,"Jxy-U_GrnhQ",2179848
"Naiara Azevedo","Naiara Azevedo - Pianinho Caladinho Clipe Oficial",2014-08-27,"JLrNUyXmmjY",3487080
"Naiara Azevedo","Naiara Azevedo QUEM FALA N√ÉO FAZ (Clipe Oficial DVD) HD",2014-01-10,"6Pg-jyzfqC4",2096252
"Naiara Azevedo","Naiara Azevedo √â Todo Seu (Clipe Oficial DVD HD)",2014-01-25,"dZdyxA_EImI",929183
"Naiara Azevedo","Naiara Azevedo A M√°scara Caiu (Clipe Oficial DVD HD)",2014-01-25,"sQgaJIX7NL8",1075182
"Naiara Azevedo","Naiara Azevedo MOD√ÉO  (Clipe Oficial DVD HD)",2014-01-23,"AutzmvchBOo",1232723
"Naiara Azevedo","Naiara Azevedo Experimenta (Clipe Oficial DVD HD)",2014-01-25,"vKsbQ350hIM",1784696
"Naiara Azevedo","Naiara Azevedo Favorita (Clipe Oficial DVD HD)",2014-01-15,"EfqU2iIc65Y",881802
"Naiara Azevedo","Naiara Azevedo - Part: Jo√£o Neto & Frederico (Gota D√Ågua)",2014-05-01,"ZwuOCURUcA0",189282
"Naiara Azevedo","Naiara Azevedo DESAPEGA (Clipe Oficial DVD HD)",2014-01-25,"lvlSw8b4TzM",558343
"Naiara Azevedo","Naiara Azevedo (Eu te Esperarei)",2014-08-18,"VYA79mgz-I0",196947
"Naiara Azevedo","Naiara Azevedo Exclusividade (Clipe Oficial DVD HD)",2014-01-25,"BzwhiMcpRMk",910137
"Naiara Azevedo","Naiara Azevedo - At√© voc√™ voltar (Henrique e Juliano)",2014-11-27,"G_x6x_9mi-s",85020
"Naiara Azevedo","72 HORAS COM NAIARA AZEVEDO",2014-09-10,"hVVc8EAYjkM",89194
"Naiara Azevedo","Naiara Azevedo (Resposta lepo lepo)",2014-03-04,"EElRzn40_aI",675996
"Naiara Azevedo","Naiara Azevedo - Outubro Rosa",2014-10-14,"Z1zmOhuzVm4",11031
"Naiara Azevedo","Naiara Azevedo - O Que eu Mais Queria",2015-04-08,"5szbGUM6QPo",13100123
"Naiara Azevedo","Naiara Azevedo - Sinal Vermelho",2015-09-09,"pJfiGk8z5gg",18197814
"Naiara Azevedo","Naiara Azevedo - Ex do seu atual (Clipe Oficial)",2015-12-23,"beMDvGQFQ-0",81625313
"Naiara Azevedo","Naiara Azevedo - Vou te Trair",2015-06-15,"pe6J0rorfgA",31561185
"Naiara Azevedo","Naiara Azevedo Bota a Cara no Sol",2015-03-17,"HFL5zgrlC8M",2658502
"Naiara Azevedo","Naiara Azevedo - Sabor de Mel (Cover)",2015-07-01,"xKW9vNXR7is",406517
"Naiara Azevedo","Naiara Azevedo    Part: Jo√£o Neto e Frederico - GOTA D` AGUA",2015-02-03,"zQEaD9vdDuE",100647
"Naiara Azevedo","Naiara Azevedo - Making Jacques Janine - Londrina/PR",2015-10-08,"U3mp-nCYEkw",41904
"Naiara Azevedo","Naiara Azevedo (Bastidores)",2015-08-26,"7eCEMUvuMlM",7677
"Naiara Azevedo","Naiara Azevedo - 03/10 Itamonte/MG",2015-10-07,"H9KcLhRH56E",11658
"Naiara Azevedo","Naiara Azevedo - 02/10 Londrina/PR",2015-10-07,"F6t-YBc0SSs",13353
"Naiara Azevedo","Naiara Azevedo - Ele N√£o Merece A Gente part. Paula Mattos (Clipe Oficial)",2016-06-21,"suM-7qb1QBE",26825287
"Naiara Azevedo","Naiara Azevedo - Entre Ela E Eu (Clipe Oficial)",2016-06-24,"KfYEfHFc11o",13089279
"Naiara Azevedo","Naiara Azevedo - Tantos Planos (Clipe Oficial)",2016-06-15,"nMnvHDS7WgQ",20822602
"Naiara Azevedo","Naiara Azevedo - Radinho do Seu Z√© (Clipe Oficial) [DVD Totalmente Diferente]",2016-05-04,"hNnqmuT0HUg",22106308
"Naiara Azevedo","Naiara Azevedo - O Nome Dela √â Rapariga (Clipe Oficial)",2016-05-18,"QykDL9kWq24",22973704
"Naiara Azevedo","Naiara Azevedo - Ela S√≥ Quer Viajar Part. Thiago Brava",2016-07-05,"54Qrbo0CpPM",7573004
"Naiara Azevedo","Naiara Azevedo Ft. Z√© Neto e Cristiano - Inquilino (Clipe Oficial)",2016-04-25,"rhj88UBZdwQ",26005499
"Naiara Azevedo","Naiara Azevedo - Voc√™ N√£o Presta (Clipe Oficial)",2016-06-28,"nwHxWbS9OVg",9087103
"Naiara Azevedo","50 Reais - Naiara Azevedo Ft. Maiara e Maraisa (Clipe Oficial)",2016-04-15,"yjLz5bPhCoI",30023149
"Naiara Azevedo","Naiara Azevedo - Aqui Pro Meu Ex (Clipe Oficial)",2016-07-01,"duyPNRicw7g",9285627
"Naiara Azevedo","Naiara Azevedo - Primeiro Gole (Clipe Oficial)",2016-07-15,"d4WyMkHTgLA",2367931
"Naiara Azevedo","Naiara Azevedo - Parceira de Copo (Clipe Oficial)",2016-07-22,"abGFBYyoYuM",2771187
"Naiara Azevedo","Naiara Azevedo - Motel T√° Lotado part. Maykow e Bruno (Clipe Oficial)",2016-07-19,"cUidqk61hNk",2375362
"Naiara Azevedo","Naiara Azevedo - Cad√™ Voc√™ Aqui Comigo (Clipe Oficial)",2016-07-12,"szhvClUoOrg",1818021
"Naiara Azevedo","Naiara Azevedo - Na Estrada - Itapaci/GO",2016-08-15,"-5Vq_ltvBbg",186163
"Naiara Azevedo","Naiara Azevedo - Na Estrada - Aruan√£/GO",2016-08-01,"zLjgTtM5uhg",236062
"Naiara Azevedo","Naiara Azevedo - Na Estrada - Goiatuba/GO",2016-07-25,"AKpgqxDSh_g",158760
"Naiara Azevedo","Naiara Azevedo - 50 Reais Part. Jo√£o Neto e Frederico no M√∫sica Boa Ao Vivo",2016-07-18,"VNDyfja4ltw",724581
"Naiara Azevedo","DVD Totalmente Diferente - Ao Vivo (√Ålbum Completo)",2016-08-03,"QDvqI51x2EY",3642035
"Naiara Azevedo","Naiara Azevedo e Luene Carvalho - Nome Dela √© Rapariga",2016-01-14,"WW0KisBmJqs",86890
"Naiara Azevedo","Naiara Azevedo - Mordida, Beijo e Tapa (V√≠deo Oficial)",2017-03-17,"0MsMrzrwYdc",8252365
"Naiara Azevedo","Naiara Azevedo - Caminh√£o de L√°grimas | Pr√©via do DVD - Aprenda a Cantar",2017-02-25,"xwz-_tghs6g",1108815
"Naiara Azevedo","Naiara Azevedo - Cor de Cereja | Pr√©via do DVD - Aprenda a Cantar",2017-02-25,"eUHaJN6ggo8",797794
"Naiara Azevedo","Naiara Azevedo - Cora√ß√£o de Muleta | Pr√©via do DVD - Aprenda a Cantar",2017-02-25,"p021U678Qbo",864934
"Naiara Azevedo","Naiara Azevedo - Deus te Ou√ßa | Pr√©via do DVD - Aprenda a Cantar",2017-02-25,"UEBxUwQ836Y",1167463
"Naiara Azevedo","Naiara Azevedo - Beba Mais (Clipe Oficial)",2017-02-18,"RlaX1NcXbHo",6424260
"Naiara Azevedo","Naiara Azevedo - Making Of - Mordida, Beijo e Tapa",2017-03-27,"fIXH8a7IcQ8",115345
"Naiara Azevedo","Naiara Azevedo - Making Of - Beba Mais",2017-02-23,"dzMETqPdpKk",81819
"Naiara Azevedo","Naiara Azevedo - Tour EUA",2017-02-15,"5WDZsmyGqt8",110522
"Day e Lara","Day e Lara - At√© Ex Duvida ft. Maiara & Maraisa",2016-09-23,"KwreBUSdiLk",14707098
"Day e Lara","Day e Lara - Lixeiro",2016-10-28,"OL-xdUDJQ4A",889081
"Day e Lara","Day e Lara - X na Comanda",2016-11-25,"uE1NkBp603M",1822279
"Day e Lara","Day e Lara - Couvert",2016-12-16,"EfQY6bTBJNs",211470
"Day e Lara","Day e Lara - Atendo ou N√£o Atendo ft. Munhoz & Mariano",2017-01-13,"XI2mSXI6FbI",1357066
"Day e Lara","Day e Lara - Digitando...",2017-01-20,"XwzN0g7i3l4",708110
"Day e Lara","Day e Lara - Minas Com Goi√°s",2017-02-10,"pincsRpB-BA",180029
"Day e Lara","Day e Lara - C√™ Sabe Que √© Ele",2017-02-03,"choBU_0XC6A",275866
"Day e Lara","Day e Lara - Liga pro Meu Advogado",2017-04-07,"VaEx0JRZR8A",156481
"Day e Lara","Day e Lara - Eu Dei",2017-03-17,"Zlqe_xpjL8k",159328
"Day e Lara","Day e Lara - Trai√ß√£o N√£o √© Acidente",2017-04-20,"G2Upb6JTAvU",57189
"Paula Fernandes","Paula Fernandes - Quero Sim",2009-06-26,"djyUM7qg97Y",5635375
"Paula Fernandes","Paula Fernandes - Chuva Chover",2009-12-01,"tKLPoIjYKzA",1976795
"Paula Fernandes","Paula Fernandes - Meu Eu Em Voc√™",2009-06-26,"Nip0LbiShcQ",2179481
"Paula Fernandes","Paula Fernandes - Sensa√ß√µes",2011-03-01,"-BWit9kFJUQ",10692931
"Paula Fernandes","Paula Fernandes, Victor & Leo - N√£o Precisa",2011-03-01,"YBwuoIO2NNk",92198635
"Paula Fernandes","Paula Fernandes - Seio De Minas",2011-03-01,"1ux38zbTVSo",5702371
"Paula Fernandes","Paula Fernandes - Pra Que Conversar?",2011-03-01,"Td2PYnsiW88",4317972
"Paula Fernandes","Paula Fernandes, Leonardo - Tocando Em Frente",2011-01-25,"Jb7LTOMJ3Qg",25280461
"Paula Fernandes","Paula Fernandes - Quero Sim (Ao Vivo)",2011-02-14,"CKT77CNGgxM",10638295
"Paula Fernandes","Paula Fernandes - Navegar Em Mim",2011-03-01,"AA8N4Y2iKnA",4972846
"Paula Fernandes","Paula Fernandes, Almir Sater - Jeito De Mato",2011-05-06,"z75JpfOKIBI",9096651
"Paula Fernandes","Paula Fernandes - Costumes",2011-05-09,"ZtByaBC0nc4",6952912
"Paula Fernandes","Paula Fernandes - Jeito De Mato (Ao Vivo)",2011-02-14,"hesptNyhRk0",8184943
"Paula Fernandes","Paula Fernandes - Voa",2011-03-01,"OMn1gHOoZqc",6386520
"Paula Fernandes","Paula Fernandes - P√°ssaro de Fogo (Ao Vivo)",2011-02-14,"IZsuekkkUb4",26996313
"Paula Fernandes","Paula Fernandes - Apaixonados Pela Lua",2011-02-10,"RIfF5NnDrdU",6500541
"Paula Fernandes","Paula Fernandes, Marcus Viana - Quando A Chuva Passar",2011-05-26,"pnipW5naaFo",5026719
"Paula Fernandes","Paula Fernandes, Leonardo - India",2011-02-14,"QP_CJONnHBo",9530643
"Paula Fernandes","Paula Fernandes - Nem Pensar",2011-06-01,"BwuyIeX-mcY",2608241
"Paula Fernandes","Paula Fernandes - Meu Eu Em Voc√™ (Ao Vivo)",2011-02-14,"1NJUfig_tmA",19957989
"Paula Fernandes","Paula Fernandes - Pra Voc√™",2011-02-14,"wn-7jpGEa9U",32942045
"Paula Fernandes","Paula Fernandes - Tarde Demais",2011-03-01,"Ms4p5O4hoLE",5203443
"Paula Fernandes","Paula Fernandes - Complicados Demais",2011-02-14,"sEoBe2z1SzE",5607240
"Paula Fernandes","Amargurado / Sem Voc√™ / Ainda Ontem Chorei De Saudade",2011-05-06,"EAMs28qRbRY",5041922
"Paula Fernandes","Paula Fernandes - Isso √â Amar Voc√™",2011-02-14,"Ki1im052Rdw",3618925
"Paula Fernandes","Paula Fernandes - Debaixo Do Cacho / Apaixonado Por Voc√™",2011-02-10,"qmMjbE9maTM",3302791
"Paula Fernandes","Paula Fernandes - Man! I Feel Like A Woman",2011-06-01,"-Lpyt864RvQ",2976452
"Paula Fernandes","Taylor Swift, Paula Fernandes - Long Live",2012-01-30,"1etzkcAo6WA",12043835
"Paula Fernandes","Paula Fernandes - Cuidar Mais De Mim",2012-12-13,"wlyIzYc1f3E",5803759
"Paula Fernandes","Paula Fernandes - Eu Sem Voc√™",2012-05-23,"-ypIzdy1Bkc",67959317
"Paula Fernandes","Paula Fernandes - O Que Restou De N√≥s",2013-10-22,"QFXBNJRQJuc",2155530
"Paula Fernandes","Paula Fernandes - Quem √â",2013-10-21,"1NOifmNWv98",6405951
"Paula Fernandes","Paula Fernandes - N√£o Fui Eu",2013-10-21,"-DZxdR2FB00",13740522
"Paula Fernandes","Paula Fernandes - Sensa√ß√µes",2013-10-22,"sbCJameSLRM",5693123
"Paula Fernandes","Paula Fernandes - Mist√©rios Do Tempo",2013-10-22,"z2VFpJ-vTh0",1477075
"Paula Fernandes","Paula Fernandes, ZeZ√© Di Camargo, Luciano - Cora√ß√£o Na Contram√£o",2013-10-21,"zRDokn2VIe0",2917060
"Paula Fernandes","Paula Fernandes - Uma Can√ß√£o Pra Mim",2013-10-22,"TT-IGMJQz6k",2183362
"Paula Fernandes","Paula Fernandes - Nunca Mais Eu E Voc√™",2013-10-22,"Mys5KA_ESQM",3197532
"Paula Fernandes","Paula Fernandes - Cartas No Por√£o",2013-10-22,"rBGH1aCdP9Y",1563416
"Paula Fernandes","Paula Fernandes - Navegar Em Mim",2013-10-22,"3EwG1sHCLPU",1005725
"Paula Fernandes","Paula Fernandes, Taylor Swift - Long Live",2013-10-21,"mR6mYW_s-kY",4047553
"Paula Fernandes","Paula Fernandes - Um Ser Amor",2013-10-21,"oIMWP2qGE_U",7048305
"Paula Fernandes","Paula Fernandes - Pra Voc√™",2013-10-21,"Nuc1ZiHIiaw",4798416
"Paula Fernandes","Paula Fernandes - Mineirinha Ferveu / N√≥is Enverga Mais N√£o Quebra / Debaixo Do Cacho",2013-10-21,"taVkPunAhQE",3761465
"Paula Fernandes","Paula Fernandes, Roberta Miranda - A Majestade O Sabi√°",2013-10-21,"c4ZoEYP_yfQ",4005297
"Paula Fernandes","Paula Fernandes - Um Ser Amor (Lyric Video)",2013-08-13,"8IDfbI8vmuI",841933
"Paula Fernandes","Paula Fernandes - Se O Cora√ß√£o Viajar",2013-10-21,"MCA3Ol8MCzg",1752505
"Paula Fernandes","Paula Fernandes - Se Liga",2013-10-22,"njex8p9tw5Y",1975439
"Paula Fernandes","Paula Fernandes - P√°ssaro De Fogo",2013-10-22,"9rsPOVKW1TU",7120474
"Paula Fernandes","Paula Fernandes - N√£o Precisa",2013-10-22,"asd2aDuDyBo",2354310
"Paula Fernandes","Paula Fernandes - Jeito De Mato / C√©u Vermelho",2013-10-21,"GB0xLex1KTw",3813516
"Paula Fernandes","Paula Fernandes - Diga (Dime)",2013-10-22,"9RqCTAwOGjo",1069723
"Paula Fernandes","Paula Fernandes - Eu Sem Voc√™",2013-10-21,"mQpnBuooIiQ",2169488
"Paula Fernandes","Paula Fernandes - Se O Cora√ß√£o Viajar",2013-06-10,"fWxBAZgGX6c",2318710
"Paula Fernandes","Paula Fernandes - Sem Voc√™ / Amanheceu, Peguei A Viola / Sorriso Mudo",2013-10-22,"-AdeXcmNW84",746805
"Paula Fernandes","I'm Gonna Getcha Good! / Whose Bed Have Your Boots Been Under? / Man! I Feel Like A Woman",2013-10-22,"WMd_V3uWY70",1008764
"Paula Fernandes","Paula Fernandes - Cheiro de Relva",2013-03-10,"jhi0tXLmvUA",239396
"Paula Fernandes","Paula Fernandes, Shania Twain - You're Still The One",2014-08-01,"JyZdrkrxD4o",11699175
"Paula Fernandes","Paula Fernandes, Mickael Carreira - Eu Sem Voc√™",2014-09-30,"JYFehWYz48c",1102719
"Paula Fernandes","Paula Fernandes - A Paz Desse Amor",2015-09-16,"RJPBP_uP58c",11824688
"Paula Fernandes","Paula Fernandes, Victor & Leo - Depois",2015-05-18,"qkvHtU20gkk",1576328
"Paula Fernandes","Paula Fernandes, Chit√£ozinho, Xoror√≥ - Pegando L√°grimas",2015-01-07,"ewphMnxkPdU",4777862
"Paula Fernandes","Paula Fernandes - Amanhecer",2015-10-16,"b3x-krmrR_4",1661693
"Paula Fernandes","Paula Fernandes - VEVO Sessions Paula Fernandes: Sensa√ß√µes",2015-09-02,"twBez5xrLco",145030
"Paula Fernandes","Paula Fernandes - Upfront VEVO Paula Fernandes - P√°ssaro De Fogo",2015-06-03,"WxRz90GsseQ",231401
"Paula Fernandes","Paula Fernandes - VEVO Sessions Paula Fernandes: A Paz Desse Amor",2015-09-02,"AFWUjIQIuyc",253926
"Paula Fernandes","Paula Fernandes - VEVO Sessions Paula Fernandes: N√£o Fui Eu",2015-09-02,"0Ag-10gs7xs",88395
"Paula Fernandes","Paula Fernandes, Sandy - Sensa√ß√µes (Ao Vivo)",2016-10-14,"AM1FrFtum58",757940
"Paula Fernandes","Paula Fernandes - Olhos De C√©u (Ao Vivo)",2016-09-06,"KVYNFlb5xrA",1554229
"Paula Fernandes","Paula Fernandes - Pira√ß√£o",2016-01-14,"zLx6AsV6JgM",11868736
"Paula Fernandes","Paula Fernandes - Desculpe, Mas Eu Vou Chorar (Ao Vivo)",2016-10-14,"3QD6h9wnDVs",313243
"Paula Fernandes","Paula Fernandes - Depende Da Gente (Ao Vivo)",2016-07-15,"U1VDmhxhTKU",3099048
"Paula Fernandes","Paula Fernandes - Pronta Pra Voc√™ (Lyric Video)",2016-03-23,"KkEh5v7H4ZU",1056621
"Paula Fernandes","Paula Fernandes - Menino Bonito",2016-03-29,"wCAqGIoQBF8",1556524
"Paula Fernandes","Paula Fernandes - La Paz De Este Amor (Ao Vivo) ft. Pablo Lopez",2016-10-14,"3EPHwkHLS74",174568
"Paula Fernandes","Paula Fernandes - Cartas No Por√£o (Ao Vivo)",2016-10-14,"EJqHAgrjqGo",144283
"Paula Fernandes","Paula Fernandes - Nuvem De L√°grimas (Ao Vivo)",2016-10-14,"T_sabJj2hyo",199676
"Paula Fernandes","Paula Fernandes - Amanhecer",2016-04-04,"TWUOsIvvaq8",1562335
"Paula Fernandes","Paula Fernandes - Depende Da Gente (Ao Vivo Na Feira Do Carreteiro)",2016-08-24,"9uTDGyR8Lk8",476811
"Paula Mattos","Que Sorte A Nossa - PAULA MATTOS",2015-08-31,"hRH7gdhferQ",42587500
"Paula Mattos","Eu J√° Te Amava - PAULA MATTOS part. THAEME & THIAGO",2015-11-23,"IWxxsjEtXUw",15007192
"Paula Mattos","Amor √â Diferente - PAULA MATTOS part. Z√â FELIPE",2015-11-03,"wrIamRItpTQ",12370267
"Paula Mattos","Pros Outros - PAULA MATTOS",2015-11-10,"iNL975v3fys",4077458
"Paula Mattos","Farol Fechado - PAULA MATTOS",2015-12-01,"-uowacnOgIg",3172307
"Paula Mattos","Rosa Amarela - PAULA MATTOS",2015-10-27,"sjlGsv4DpJk",3693627
"Paula Mattos","Quem V√™ Cara N√£o V√™ Cora√ß√£o - PAULA MATTOS",2015-09-30,"pVvUjPXrQqc",8011673
"Paula Mattos","Quanto Tempo Falta - PAULA MATTOS",2015-12-08,"Qr1FfxKG6_w",6227050
"Paula Mattos","O Povo Fala - PAULA MATTOS part. MUNHOZ & MARIANO",2015-12-15,"LUeEuoDptwc",6224845
"Paula Mattos","Tem Que Ser Agora - PAULA MATTOS",2015-11-17,"rD5tCGveswk",4828693
"Paula Mattos","PAULA MATTOS - QUE SORTE A NOSSA ( v√≠deo Lyrics)",2015-04-22,"WxLtXfGDGY0",2147196
"Paula Mattos","Rosa Amarela (Clipe Oficial) - PAULA MATTOS",2016-04-27,"FSdvW17D5P0",13114930
"Paula Mattos","Chute e Bomba- PAULA MATTOS part. Wesley Safad√£o #PaulaMattosChuteeBomba",2016-08-23,"bWXS3wys5Vo",7635952
"Paula Mattos","Coisa de Ex - PAULA MATTOS #PaulaMattosCoisadeEx",2016-11-17,"zRnx4fDsg74",6252816
"Paula Mattos","As Butequera - PAULA MATTOS  #PaulaMattosAsButequera",2016-10-14,"gBXElnM51EE",1658425
"Wanessa","Wanessa Camargo - Assistindo Madonna na Stick & Sweet Tour, OMG!",2008-11-03,"RMfvFYEDtrQ",108542
"Wanessa","Wanessa Camargo - One Of Us (Joan Osbourne Cover)",2008-07-23,"UITLGj9baDU",86309
"Wanessa","Wanessa Camargo - You've Got A Friend (James Taylor cover)",2008-07-30,"yRtGNnOwfvg",166035
"Wanessa","Wanessa Camargo - Everybody Hurts (R.E.M. Cover)",2008-07-23,"a9vNjdnHp34",95967
"Wanessa","Wanessa Camargo - Pescador de Ilus√µes (O Rappa Cover)",2008-07-23,"KOnJfnL3ZWU",128218
"Wanessa","Wanessa Camargo - You Oughta Know  (Alanis Morissette Cover)",2008-07-23,"SLTKLA5cW7s",46755
"Wanessa","Wanessa Camargo - Dossi√™ Wanessa (Epis√≥dio 1)",2009-07-03,"Yox-DRM91mA",13528
"Wanessa","Wanessa Camargo - Dossi√™ Wanessa (Epis√≥dio 2)",2009-07-09,"ufjZYUxquvg",7970
"Wanessa","Wanessa Camargo - Dossi√™ Wanessa (Epis√≥dio 3)",2009-07-10,"d6jIZx0cIck",22067
"Wanessa","Wanessa Camargo - N√£o T√¥ Pronta Pra Perdoar (Not Ready To Make Nice) [Ao Vivo no Citibank Hall]",2010-12-18,"mIhOIARi-MU",39620
"Wanessa","Wanessa Camargo - Abrazam√© (Ao Vivo no Citibank Hall)",2010-12-19,"BDX1Gc1pftI",33453
"Wanessa","Wanessa Camargo - Falling For U (Ao Vivo no Citibank Hall)",2010-12-21,"r9Ion5FEdTA",72271
"Wanessa","Wanessa Camargo - Tanta Saudade (Heaven Came Down) [Ao Vivo no Citibank Hall]",2010-12-19,"UC9N_qbn44M",56546
"Wanessa","Wanessa Camargo - Stuck On Repeat (Ao Vivo no Citibank Hall)",2010-12-21,"aJvbPXc7tGU",43166
"Wanessa","Wanessa Camargo - Chamar Aten√ß√£o (Sick Inside) [Ao Vivo no Citibank Hall]",2010-12-18,"a7y9hBeome4",35064
"Wanessa","Wanessa Camargo - Amor Amor (Ao Vivo no Citibank Hall)",2010-12-21,"dtvcKmimE6U",56576
"Wanessa","Wanessa Camargo - O Amor N√£o Deixa (Love Won't Let Me) [[Ao Vivo no Citibank Hall]",2010-12-20,"kGdDvjINekY",43513
"Wanessa","Wanessa Camargo - Medley Ac√∫stico [Ao Vivo no Citibank Hall]",2010-12-19,"VE4Bbt3Glh0",51191
"Wanessa","Wanessa Camargo - S√≥ Se Vive Uma Vez (Ao Vivo no Citibank Hall)",2010-12-19,"OHPuFgCFnC8",23723
"Wanessa","Wanessa Camargo -  Medley Pop (Ao Vivo no Citibank Hall)",2010-12-20,"8BT0YAbMvsw",41811
"Wanessa","Wanessa Camargo - Ao Vivo no Citibank Hall (Making Of)",2010-12-18,"ZzoxbeNiKfI",16938
"Wanessa","Wanessa Camargo - Vi Anjos (Ao Vivo no Citibank Hall)",2010-12-19,"3TCtz8OMzVg",26482
"Wanessa","Wanessa Camargo - Me Engana Que Eu Gosto (Mienteme) [Ao Vivo no Citibank Hall]",2010-12-20,"S0MRqhWjlwo",33370
"Wanessa","Wanessa Camargo  -  Sem Querer (Ao Vivo no Citibank Hall)",2010-12-18,"5wREraYr3sk",48916
"Wanessa","Wanessa Camargo - Party Line (Ao Vivo no Citibank Hall)",2010-12-20,"sYiBuWmkFsI",18059
"Wanessa","Wanessa Camargo - N√£o Me Leve A Mal (Let Me Live) [Ao Vivo no Citibank Hall]",2010-12-20,"kbnl1OFA4r0",28137
"Wanessa","Wanessa Camargo - Meu Menino (Ao Vivo no Citibank Hall)",2010-12-20,"jcvfw5hlJj0",12181
"Wanessa","Wanessa Camargo - O Que Vem Do Reggae √â Bom (Ao Vivo no Citibank Hall)",2010-12-20,"X9Qoqp9jpBs",20249
"Wanessa","Wanessa Camargo - Medley Pop (Ao Vivo no Citibank Hall)",2010-12-21,"wKZ8_McNGac",43145
"Wanessa","Wanessa Camargo - Worth It (Ao Vivo no Citibank Hall)",2010-12-21,"w0Nkwy2iz0c",43923
"Wanessa","Wanessa Camargo - N√£o Resisto A N√≥s Dois (Ao Vivo no Citibank Hall)",2010-12-18,"F_M2wfQlSps",22562
"Wanessa","Wanessa Camargo - Fly (Ao Vivo no Citibank Hall)",2010-12-21,"OBH0WP9mNmw",34630
"Wanessa","Wanessa Camargo - Dono Da Noite (Ao Vivo no Citibank Hall)",2010-12-20,"TLM_b4Uz6iA",11651
"Wanessa","Wanessa - Teaser Novo Show",2010-09-08,"vT34myK6Lac",27441
"Wanessa","Wanessa - Voc√™ n√£o perde por esperar....",2010-08-02,"3RcOIkvbdnk",43984
"Wanessa","Wanessa Camargo - Gosto Tanto (You Pop You Rock)",2010-04-13,"w3FOV7qbmyE",22310
"Wanessa","Wanessa Camargo - DNA Photoshoot",2011-07-02,"_sgzDZUafAg",93441
"Wanessa","Wanessa Camargo - Hair & Soul (Making of)",2012-11-28,"2EVLMadJ8hg",23319
"Wanessa","Wanessa Camargo - DNA",2012-05-29,"HlN8VcJ70yg",68147
"Wanessa","Wanessa Camargo - Turn It Up (feat. Soulja Boy) [Lyric Video]",2013-11-26,"PxqNgYuEi1c",362658
"Wanessa","Wanessa Camargo - DVD ""DNA Tour"" [Teaser]",2013-04-27,"0C-eA0zzhO8",17517
"Wanessa","Wanessa Camargo - Turn It Up (feat. Soulja Boy) [Teaser]",2013-11-21,"CI8lguMjNHs",67279
"Wanessa","Wanessa Camargo - Cora√ß√£o Embriagado (√Ålbum 33) [V√≠deo Oficial]",2016-07-29,"FsOp3UwuU00",6447210
"Wanessa","Wanessa Camargo - Vai Que Vira Amor (√Ålbum 33) [V√≠deo Oficial]",2016-08-09,"Ag1y42jfD9E",2147878
"Wanessa","Wanessa Camargo - Anestesia (√Ålbum ""33"") [Video Oficial]",2017-04-10,"6shJKDhISNw",570529
"Wanessa","Wanessa Camargo - Agora Eu Sei (√Ålbum ''33'') [√Åudio Oficial]",2017-03-10,"Z6MECFscGLA",72802
"Wanessa","Wanessa Camargo - Persegui√ß√£o (√Ålbum ''33'') [√Åudio Oficial]",2017-03-10,"Uq7D0TsWVYk",59398
"Wanessa","Wanessa Camargo - Em Cima Do Salto (√Ålbum ''33'') [√Åudio Oficial]",2017-03-10,"n27NkwW7KRY",62227
"Wanessa","Wanessa Camargo - Se Cuida (√Ålbum ''33'') [√Åudio Oficial]",2017-03-10,"3cEaSuccYHA",66446
"Wanessa","Wanessa Camargo - S√≥ D√° Eu e Voc√™ (√Ålbum ''33'') [√Åudio Oficial]",2017-03-10,"CD3Uqw8iiH0",52550
"Wanessa","Wanessa Camargo - Eu Quero Ser a Outra (LA OTRA) (√Ålbum ''33'') [√Åudio Oficial]",2017-03-10,"8GHdWdaYFEY",68228
"Wanessa","Wanessa Camargo - N√£o Me Sufoca! (√Ålbum ''33'') [√Åudio Oficial]",2017-03-10,"4f5QZyX-kkk",59241
"Wanessa","Wanessa Camargo - Amor de Conta-Gotas (√Ålbum ''33'') [√Åudio Oficial]",2017-03-10,"mHZc7ePpBcU",35338
"Wanessa","Wanessa Camargo - Choveu Amor (√Ålbum ''33'') [√Åudio Oficial]",2017-03-10,"yWOSPFttosA",32301
"Wanessa","Wanessa Camargo - Fa√ßo Chover (√Ålbum ''33'') [√Åudio Oficial]",2017-03-10,"te7OFMx-7S8",30386
"Wanessa","Wanessa Camargo - Se Ainda Tem Amor (√Ålbum ''33'') [√Åudio Oficial]",2017-03-10,"tTMzyy4xCP4",40887
"Wanessa","Wanessa Camargo - Vai Mentir Pra L√° (√Ålbum ''33'') [√Åudio Oficial]",2017-03-10,"d5SZfRyTllE",44736
"Wanessa","Wanessa Camargo - Boquinha De A√ß√∫car (√Ålbum ''33'') [√Åudio Oficial]",2017-03-10,"ObSi9SylrSc",15359
"Wanessa","Wanessa Camargo - Lan√ßamento do √Ålbum 33 em S√£o Paulo",2017-03-29,"-9ia0rEe-nY",22721
"Wanessa","Wanessa Camargo - Fora De Mim (√Ålbum ''33'') [√Åudio Oficial]",2017-03-10,"YjT5oKfdH5s",21187
"Wanessa","AO VIVO - Album ""33"" faixa-a-faixa!! üìÄüé∂‚ù§Ô∏è",2017-03-11,"yBfPb6doJbo",31257
"Wanessa","Inscreva-se no meu canal!",2017-03-09,"_X1rJ2K8l_c",18210
"Julia e Rafaela","J√∫lia & Rafaela - Na Mesma Moeda",2016-11-11,"uCHM3kQWiFo",2297158
"Julia e Rafaela","J√∫lia & Rafaela - A√≠ Que Fofo (Audio)",2016-11-25,"1UtRHRPeaU4",329863
"Julia e Rafaela","J√∫lia & Rafaela - N√£o Deixe De Me Abra√ßar (Audio)",2016-11-25,"cDJbUrKiw2o",96032
"Julia e Rafaela","J√∫lia & Rafaela - P√© Na Rua (Audio)",2016-11-25,"IeYbl0hMKNE",86781
"Julia e Rafaela","J√∫lia & Rafaela - Paredes Pintadas (Lyric Video)",2017-01-18,"PkWEsmwZrnA",2205396
"Julia e Rafaela","J√∫lia & Rafaela - Minha Saudade (Lyric Video)",2017-03-31,"pdmw_Pw9sXA",228304
"Julia e Rafaela","J√∫lia & Rafaela - Voz Com Som De L√°grimas (3G) (Audio)",2017-04-05,"QUgSeut5YcQ",17054
"Julia e Rafaela","J√∫lia & Rafaela - Sabe O Que √â Isso (Ci√∫me) (Audio)",2017-04-05,"-irVlMmFFsk",13221
"Julia e Rafaela","J√∫lia & Rafaela - Segunda Ta√ßa (Audio)",2017-04-05,"eXNAoaJbX8o",7670
"Julia e Rafaela","J√∫lia & Rafaela - Sinto Muito (Audio)",2017-04-05,"uDT3yASPh1A",12046
"Julia e Rafaela","J√∫lia & Rafaela - Euzinha Aqui (Audio)",2017-04-05,"P-iIwoPzdX0",6791
"Julia e Rafaela","J√∫lia & Rafaela - Se Voc√™ Fosse (Soda) (Lyric Video)",2017-04-20,"-PLpqJoIwlc",25633
"Bruna Viola","Bruna Viola, C√©sar Menotti & Fabiano - Webclipe ‚ÄúSe Voc√™ Voltar‚Äù",2015-07-31,"bkLp6drwhq0",1797986
"Bruna Viola","Bruna Viola - Flor Matogrossense",2015-06-15,"C4QSh1VXomQ",1791462
"Bruna Viola","Bruna Viola - Webclipe Melodias do Sert√£o",2015-09-17,"cDihh1Gf6OI",566192
"Bruna Viola","Bruna Viola - Voc√™ N√£o Sabe (Quero Ver) ‚Äì Ao Vivo",2016-05-11,"52XUpjEvqQc",2625105
"Bruna Viola","Bruna Viola - T√¥ Fazendo Falta (Ao Vivo)",2016-09-29,"2nq7WkmeZ3Y",574290
"Bruna Viola","Bruna Viola - Moda Da Pinga (Marvada Pinga)",2016-10-28,"lpl3lXiX-4g",503844
"Bruna Viola","Bruna Viola, C√©sar Menotti & Fabiano - Se Voc√™ Voltar (Ao Vivo)",2016-12-08,"OoYwawaMH-Q",156031
"Bruna Viola","Bruna Viola - Flor Matogrossense (Ao Vivo)",2016-06-16,"lBtAoPyjzLs",457450
"Bruna Viola","Bruna Viola - Paix√£o Pra Mais De M√™s (Ao Vivo)",2016-11-18,"DQ4S5FbwRAM",149486
"Bruna Viola","Bruna Viola - Espero Mais",2016-01-26,"6f8i8Ohjisg",679133
"Bruna Viola","Bruna Viola - Detalhes (Ao Vivo)",2016-11-11,"QngO24xNjag",122049
"Bruna Viola","Bruna Viola - Melodias Do Sert√£o (Ao Vivo)",2016-11-24,"x_8MLu06eUY",75325
"Bruna Viola","Bruna Viola - Esse Lugar (Ao Vivo)",2016-12-01,"jwneQQs6cr0",140901
"Bruna Viola","Bruna Viola - Espero Mais (Ao Vivo)",2016-06-30,"nEKU0BtxepA",211536
"Roberta Miranda","Roberta Miranda - Natal das Crian√ßas  (Natal em Fam√≠lia)",2013-12-22,"4qfr6dwrITI",1976
"Roberta Miranda","Teaser de pr√©-lan√ßamento do CD e DVD 25 Anos - Roberta Miranda",2013-10-14,"sVeqXHceem4",1556
"Roberta Miranda","Roberta Miranda - Duas TacÃßas | DVD 25 anos Ao vivo em est√∫dio (V√≠deo Oficial)",2014-10-25,"38znB_RY0SU",321159
"Roberta Miranda","Roberta Miranda - Majestade, o Sabi√° | DVD 25 anos Ao vivo em est√∫dio",2014-02-07,"L6FwdfLntts",55449
"Roberta Miranda","Roberta Miranda - Tempo ao Tempo | DVD 25 anos Ao vivo em est√∫dio (V√≠deo Oficial)",2014-04-26,"-Xiz7H6pEgg",119783
"Roberta Miranda","Roberta Miranda - Dia D | DVD 25 anos Ao vivo em est√∫dio (V√≠deo Oficial)",2014-10-07,"vU5X9HDlKV0",152072
"Roberta Miranda","Roberta Miranda - EÃÅ Amor Demais | DVD 25 anos Ao vivo em est√∫dio (V√≠deo Oficial)",2014-04-05,"ZhD1wkbsV0g",648317
"Roberta Miranda","Roberta Miranda - Caf√© da Manh√£ | DVD 25 anos Ao vivo em est√∫dio (V√≠deo Oficial)",2014-09-18,"2saZAhZAHxk",99907
"Roberta Miranda","Roberta Miranda - De Igual Pra Igual | DVD 25 anos Ao vivo em est√∫dio (V√≠deo Oficial)",2014-06-09,"JnIpzDzWMow",153019
"Roberta Miranda","Roberta Miranda - Quando (Roberta canta Roberto) [√Åudio Oficial]",2014-11-03,"Dojzu2QNixE",73662
"Roberta Miranda","Roberta Miranda - SaÃÉo Tantas Coisas | DVD 25 anos Ao vivo em est√∫dio (V√≠deo Oficial)",2014-08-27,"gdanMG30j7g",516394
"Roberta Miranda","Roberta Miranda - DoÃÅi | DVD 25 anos Ao vivo em est√∫dio (V√≠deo Oficial)",2014-08-12,"iIXMILSST8s",283608
"Roberta Miranda","Roberta Miranda - Fera Ferida (Roberta canta Roberto) [√Åudio Oficial]",2014-11-03,"W9M6dwDZ_uE",121021
"Roberta Miranda","Roberta Miranda - Sol da Minha Vida/Desespero de Uma Noite | DVD 25 anos Ao vivo em est√∫dio",2014-08-28,"evqd5sYDp9A",101547
"Roberta Miranda","Roberta Miranda - Lua de Angola | DVD 25 anos Ao vivo em est√∫dio. (V√≠deo Oficial)",2014-04-10,"El7neEYxUHI",182936
"Roberta Miranda","Roberta Miranda - Se Voc√™ Pensa (Roberta canta Roberto) [√Åudio Oficial]",2014-11-03,"ajyz7YGAFXA",92813
"Roberta Miranda","Roberta Miranda - Medo | DVD 25 anos Ao vivo em est√∫dio [V√≠deo Oficial]",2014-10-25,"5FcOIk3TVJI",150502
"Roberta Miranda","Roberta Miranda - Esperando voceÃÇ chegar | DVD 25 anos Ao vivo em est√∫dio",2014-03-29,"vFUIyWRjDxU",412470
"Roberta Miranda","Roberta Miranda - VaÃÅ Com Deus | DVD 25 anos Ao vivo em est√∫dio (V√≠deo Oficial)",2014-02-17,"vvLPTcTiK3U",224136
"Roberta Miranda","Roberta Miranda - A Dist√¢ncia (Roberta canta Roberto) [√Åudio Oficial]",2014-10-27,"ow-9kXZj5aE",276937
"Roberta Miranda","Roberta Miranda - Carinho/T√¥ Querendo/Me D√° Um Beijo | DVD 25 anos Ao vivo em est√∫dio",2014-07-18,"U-mCPwmbLso",129464
"Roberta Miranda","Roberta Miranda - As Can√ß√µes que voc√™ fez pra mim (Roberta canta Roberto) [√Åudio Oficial]",2014-10-27,"8mau94oMRUQ",194147
"Roberta Miranda","Roberta Miranda - Maria | DVD 25 anos Ao vivo em est√∫dio (V√≠deo Oficial)",2014-02-07,"-P6f1gC1Mk8",42336
"Roberta Miranda","Roberta Miranda - O show j√° terminou (Roberta canta Roberto) [√Åudio Oficial]",2014-11-03,"TSXllQIhsFc",69151
"Roberta Miranda","Roberta Miranda - Como √© grande o meu amor por voc√™ (Roberta canta Roberto) [√Åudio Oficial]",2014-10-27,"a_nMJFuBrxE",94283
"Roberta Miranda","Roberta Miranda - Solo No Tuve Tu Aplauso",2014-07-27,"clGKQd6nNbM",6823
"Roberta Miranda","Roberta Miranda - Proposta (Roberta canta Roberto) [√Åudio Oficial]",2014-11-03,"xn16lD0XUGE",70972
"Roberta Miranda","Roberta Miranda - Quando eu quero falar com Deus (Roberta canta Roberto) [√Åudio Oficial]",2014-11-03,"FBr8s9WPwi4",75117
"Roberta Miranda","Roberta Miranda - Onde Mora o CoracÃßaÃÉo | DVD 25 anos Ao vivo em est√∫dio (V√≠deo Oficial)",2014-02-17,"pKTHrfzKFUw",90243
"Roberta Miranda","Roberta Miranda - Nossa Senhora (Roberta canta Roberto) [√Åudio Oficial]",2014-11-03,"daJITwPFSak",72668
"Roberta Miranda","Roberta Miranda - Do Fundo do Meu Cora√ß√£o (Roberta canta Roberto) [√Åudio Oficial]",2014-10-27,"iB5A-qjFEpk",124458
"Roberta Miranda","Roberta Miranda - Eu te darei o c√©u (Roberta canta Roberto) [√Åudio Oficial]",2014-11-03,"P4TcvWSI5Zw",52874
"Roberta Miranda","Roberta Miranda e Ricardo Montaner- Beija-Me (B√©same)",2014-08-12,"4wZEu_ZwWgs",5186
"Roberta Miranda","Roberta Miranda - Feliz Natal",2014-12-24,"82HzmJmJ6jQ",1922
"Roberta Miranda","Roberta Miranda - Como Tu Mujer (Marco Antonio Solis)",2014-09-16,"4neW__SXKlc",6917
"Roberta Miranda","Comercial CD Roberta Miranda  - ""Roberta Canta Roberto""",2014-12-06,"wA-Vwq4IqHE",18565
"Roberta Miranda","Roberta Miranda - Presente de Natal Roberta Canta Roberto",2014-12-16,"EeVf0gnVT6U",6424
"Roberta Miranda","Roberta Miranda - Roberta Canta Roberto",2014-12-22,"l6xcdGiJfYw",4906
"Roberta Miranda","Roberta Miranda  feat. Henrique e Juliano - Acho Que Esqueci De Mim [Clipe Oficial]",2015-09-04,"UYRCvaPcLSQ",1359193
"Roberta Miranda","Roberta Miranda - Meu Dengo - Volume 1 - [√Åudio Oficial]",2015-07-24,"Oa6bU4iBetM",16798
"Roberta Miranda","Roberta Miranda - S√£o Tantas Coisas  - Volume 1 - [√Åudio Oficial]",2015-07-24,"F_kS1Wu3MLc",12618
"Roberta Miranda","Roberta Miranda - Chuva de Amor - Volume 1 - [√Åudio Oficial]",2015-07-24,"Uwuht7Pxj88",6962
"Roberta Miranda","Roberta Miranda - Bem Vinda - Volume 1 - [√Åudio Oficial]",2015-07-24,"xoRZOdWcjX8",14288
"Roberta Miranda","Roberta Miranda - Na Hora H - Volume 1 - [√Åudio Oficial]",2015-07-24,"BRDmzzIcxvQ",16749
"Roberta Miranda","Roberta Miranda - Maria - Volume 1 - [√Åudio Oficial]",2015-07-24,"oci5qCXB3ZE",3914
"Roberta Miranda","Roberta Miranda - Onde Andar√° - Volume 1 - [√Åudio Oficial]",2015-07-24,"OOz0oD1JDTE",6200
"Roberta Miranda","Roberta Miranda - Homenagem as mulheres da m√∫sica sertaneja",2015-10-05,"7ZSLHOrtOGg",15781
"Roberta Miranda","Roberta Miranda - Senhor - Volume 1 - [√Åudio Oficial]",2015-07-24,"jUZVRYwjwKc",11951
"Roberta Miranda","Roberta Miranda - Desespero de uma noite - Volume 1 - [√Åudio Oficial]",2015-07-24,"4AO9iXbEiGo",4980
"Roberta Miranda","Roberta Miranda - Maria de Jos√©- Volume 1 - [√Åudio Oficial]",2015-07-24,"vCmDDsWlt7k",6435
"Roberta Miranda","Roberta Miranda - Anseios - Volume 1 - [√Åudio Oficial]",2015-07-24,"Xz4Khl-cQ-U",1914
"Roberta Miranda","Roberta Miranda - O que sera de mim nesta cidade - Volume 1 - [√Åudio Oficial]",2015-07-24,"LVNYd5b7fuA",1194
"Roberta Miranda","Acho que esqueci de mim - Roberta Miranda part. Henrique e Juliano (Teaser)",2015-09-02,"OyspSkK2NwY",15694
"Roberta Miranda","Roberta Miranda - 24 Horas Por Segundo  [Clipe Oficial]",2016-03-21,"OFFuEeb4XTg",1780460
"Roberta Miranda","Roberta Miranda - Duas Ta√ßas - Volume 4 - [√Åudio Oficial]",2016-01-22,"KAnYrduO5Ak",19507
"Roberta Miranda","Roberta Miranda - Atra√ß√£o Fatal - Hist√≥rias de Amor - [√Åudio Oficial]",2016-04-08,"2CcTlGfAapw",13085
"Roberta Miranda","Roberta Miranda - Faz Amor Comigo - Ao Vivo 2004 DVD - [V√≠deo Oficial]",2016-05-06,"0UuTcRrvZMU",15918
"Roberta Miranda","Roberta Miranda - Faz Amor Comigo - Hist√≥rias de Amor - [√Åudio Oficial]",2016-04-08,"biymV-a_KNo",180436
"Roberta Miranda","Roberta Miranda - Amanh√£/Ma√±ana - Caminhos - [√Åudio Oficial]",2016-03-25,"a6uLupip_Fw",25783
"Roberta Miranda","Roberta Miranda - A Rural II - Hist√≥rias de Amor - [√Åudio Oficial]",2016-04-08,"Xx5FNeX_uh4",16067
"Roberta Miranda","Roberta Miranda -  A Mulher Em Mim - Vida - [√Åudio Oficial]",2016-03-11,"WR1T_c4IJMo",5003
"Roberta Miranda","Roberta Miranda - Lembran√ßas - Ac√∫stico Ao vivo - [V√≠deo Oficial]",2016-05-20,"yV7C2SE0GOE",5596
"Roberta Miranda","Roberta Miranda - Dod√≥i - Volume 2 - [√Åudio Oficial]",2016-01-08,"Y9liwqeFPtg",3845
"Roberta Miranda","Roberta Miranda - A Majestade, O Sabi√° - Vida - [√Åudio Oficial]",2016-03-11,"RVh7QL86oVw",12137
"Roberta Miranda","Roberta Miranda - Esperan√ßa - Volume 2 - [√Åudio Oficial]",2016-01-08,"XAzv8Wsx1Es",7107
"Roberta Miranda","Roberta Miranda - T√° Dif√≠cil Esquecer  - Hist√≥rias de Amor - [√Åudio Oficial]",2016-04-08,"warnUfDTJ0I",7037
"Roberta Miranda","Roberta Miranda -  Bolero Nunca Mais - Hist√≥rias de Amor - [√Åudio Oficial]",2016-04-08,"TWLDZ1Y4nyE",24338
"Roberta Miranda","Roberta Miranda - Caminhos - Volume 9 - [√Åudio Oficial]",2016-03-04,"aKd81M8oxdQ",2769
"Roberta Miranda","Roberta Miranda -  Voc√™ Criou Raiz - Volume 8 - [√Åudio Oficial]",2016-02-26,"DRRX0SdcSGE",5125
"Roberta Miranda","Roberta Miranda - Meu Grande Bem - Volume 2 - [√Åudio Oficial]",2016-01-08,"Huas7V8ZGu4",2457
"Roberta Miranda","Roberta Miranda - Tinha Que Acontecer  - Volume 6 - [√Åudio Oficial]",2016-02-12,"nRfDzTr1zlk",6689
"Roberta Miranda","Roberta Miranda - Vem Pra Mim - Volume 7 - [√Åudio Oficial]",2016-02-19,"JLB3UmP1N7A",4594
"Roberta Miranda","Roberta Miranda - Pele de Amor - Ao Vivo 2004 DVD - [V√≠deo Oficial]",2016-05-06,"d0c0LHNQb74",17902
"Roberta Miranda","Roberta Miranda - Caminhos - Ac√∫stico Ao vivo - [V√≠deo Oficial]",2016-05-20,"AzT19D-yxN4",3346
"Roberta Miranda","Roberta Miranda - Tenho Medo  - Hist√≥rias de Amor - [√Åudio Oficial]",2016-04-08,"-dPgW7Z7CMI",3439
"Roberta Miranda","Roberta Miranda - Um dia de Domingo - A Majestade, O Sabi√° - [√Åudio Oficial]",2016-04-02,"t32f4GYmPds",6433
"Roberta Miranda","Roberta Miranda - Li√ß√£o de Vida - Sol da Minha Vida - [√Åudio Oficial]",2016-02-05,"upJqP4rhVvA",3547
"Roberta Miranda","Roberta Miranda - De tanto amor  - Vida - [√Åudio Oficial]",2016-03-11,"g_KY3Ipz91E",2898
"Roberta Miranda","Roberta Miranda - Ideal pra Mim - Ac√∫stico Ao vivo - [V√≠deo Oficial]",2016-05-20,"hleeWA-v8e0",5382
"Roberta Miranda","Roberta Miranda - Deus Como Te Amo - Vida - [√Åudio Oficial]",2016-03-11,"b-n27P6OTjc",3655
"Roberta Miranda","Roberta Miranda - Vida Dividida - Vida - [√Åudio Oficial]",2016-03-11,"0QFvRYpjojk",4388
"Roberta Miranda","Roberta Miranda - Sem Lado Esquerdo - Ac√∫stico Ao vivo - [V√≠deo Oficial]",2016-05-20,"-5OqvUnPdDo",4381
"Roberta Miranda","Roberta Miranda - Me D√° Um Beijo - Volume 7 - [√Åudio Oficial]",2016-02-19,"AWgvv43A1-E",3578
"Roberta Miranda","Roberta Miranda -   Conselho   - Volume 8 - [√Åudio Oficial]",2016-02-26,"Pa2WJJEhNFw",10997
"Roberta Miranda","Roberta Miranda - √Äs Vezes Tu, √Äs Vezes Eu (As Veces Tu, A Veces Yo) - Volume 6 - [√Åudio Oficial]",2016-02-12,"NBwKfYJyEgY",2313
"Roberta Miranda","Roberta Miranda - A Mulher em Mim - Ac√∫stico Ao vivo - [V√≠deo Oficial]",2016-05-20,"t_Xost05ups",5602
"Roberta Miranda","Roberta Miranda - Tudo Em Voc√™ me Atrai - Volume 4 - [√Åudio Oficial]",2016-01-22,"XkDJtvMlhZI",4440
"Roberta Miranda","Roberta Miranda - Fantasia - Volume 2 - [√Åudio Oficial]",2016-01-08,"a-VtX0o0Qus",2370
"Roberta Miranda","Roberta Miranda - Dia D - Volume 4 - [√Åudio Oficial]",2016-01-22,"epGdkbIEKsg",1871
"Roberta Miranda","Roberta Miranda - Chora no Meu Colo  - Hist√≥rias de Amor - [√Åudio Oficial]",2016-04-08,"038fI0KYe6A",6081
"Roberta Miranda","Roberta Miranda - Composi√ß√µes",2016-08-29,"Vc2fmCALQzY",3164
"Roberta Miranda","Roberta Miranda - O Pior J√° Passou - Ac√∫stico Ao vivo - [V√≠deo Oficial]",2016-05-20,"yzWvtPacJow",8662
"Roberta Miranda","Roberta Miranda - Um Minuto a Mais - Volume 9 - [√Åudio Oficial]",2016-03-04,"riQoW3EuX2g",5286
"Roberta Miranda","Roberta Miranda - Meus Momentos - Ac√∫stico Ao vivo - [V√≠deo Oficial]",2016-05-20,"vVpSxHtVoWs",5392
"Roberta Miranda","Roberta Miranda - Perder Voc√™ - Hist√≥rias de Amor - [√Åudio Oficial]",2016-04-08,"BlTNObUHCis",4898
"Roberta Miranda","Roberta Miranda - S√£o Tantas Coisas - Colet√¢neas - [√Åudio Oficial]",2016-01-29,"StAw3fYGnOk",4066
"Roberta Miranda","Roberta Miranda - Pedacinhos - Paix√£o - [√Åudio Oficial]",2016-03-18,"ptdDbMDr-0w",2631
"Roberta Miranda","Roberta Miranda - Al√©m da Cama - Pele de Amor - [√Åudio Oficial]",2016-04-22,"LylM4lkC4xA",2552
"Roberta Miranda","Roberta Miranda -  Eu Sou Voc√™  - Volume 8 - [√Åudio Oficial]",2016-02-26,"KFERZ-Ld-4U",6265
"Roberta Miranda","Roberta Miranda - Meus Momentos - Volume 4 - [√Åudio Oficial]",2016-01-22,"V_iJ5HZDflI",1980
"Roberta Miranda","Roberta Miranda - Minha Vida - Volume 2 - [√Åudio Oficial]",2016-01-08,"afduTs9Lz2w",2136
"Roberta Miranda","Roberta Miranda -   √â Preciso Saber  - Volume 8 - [√Åudio Oficial]",2016-02-26,"9W4gfnlRP0I",7058
"Roberta Miranda","Roberta Miranda - S√£o Tantas Coisas - Ao Vivo 2004 DVD - [V√≠deo Oficial]",2016-05-06,"rQDgNvT3NpU",10479
"Roberta Miranda","Roberta Miranda - Sempre Mais - Paix√£o - [√Åudio Oficial]",2016-03-18,"K2KYc1hUmlk",3388
"Roberta Miranda","Roberta Miranda - Hora de Acordar - Sol da Minha Vida - [√Åudio Oficial]",2016-02-05,"powqSEHc0Jw",2477
"Roberta Miranda","Roberta Miranda - Poema O Fado da Ilus√£o/ Estranha Forma de Vida - Tudo Isto √© Fado",2016-04-18,"GL9HFEapDYw",1451
"Roberta Miranda","Roberta Miranda - Loucura - Volume 2 - [√Åudio Oficial]",2016-01-08,"exM_40k_frE",2781
"Roberta Miranda","Roberta Miranda - Pobre Esperan√ßa/ Pobre Mi Esperanza - Paix√£o - [√Åudio Oficial]",2016-03-18,"1pk8y_cY1t8",2123
"Roberta Miranda","Roberta Miranda - Saudade - Volume 2 - [√Åudio Oficial]",2016-01-08,"CYZNAMRec9w",3001
"Roberta Miranda","Roberta Miranda - Paix√£o - Volume 7 - [√Åudio Oficial]",2016-02-19,"e9SWRm-peoI",4297
"Roberta Miranda","Roberta Miranda - Desespero De Uma Noite - Sol da Minha Vida - [√Åudio Oficial]",2016-02-05,"8JlKcv7awyE",2296
"Roberta Miranda","Roberta Miranda - Marcas - Volume 4 - [√Åudio Oficial]",2016-01-22,"K2sBbu6UyRk",3172
"Roberta Miranda","Roberta Miranda - V√° com Deus - Ac√∫stico Ao vivo - [V√≠deo Oficial]",2016-05-20,"ALZWxvFPzbE",3174
"Roberta Miranda","Roberta Miranda -  Madrugada Amiga  - Volume 8 - [√Åudio Oficial]",2016-02-26,"xDC5cTCH4EA",16492
"Roberta Miranda","Roberta Miranda - Voz de Deus - Caminhos - [√Åudio Oficial]",2016-03-25,"WrkGgK3Yuvs",1016
"Roberta Miranda","Roberta Miranda - Rei dos Reis - Volume 2 - [√Åudio Oficial]",2016-01-08,"YsguwKWrVD4",3108
"Roberta Miranda","Roberta Miranda -  Mais Uma Vez  - Volume 8 - [√Åudio Oficial]",2016-02-26,"E8F-ZdXuV_g",5396
"Roberta Miranda","Roberta Miranda - A mulher em mim - Ao Vivo 2004 DVD - [V√≠deo Oficial]",2016-05-06,"ihBRfGctsqE",2426
"Roberta Miranda","Roberta Miranda - Querido Velho - Volume 2 - [√Åudio Oficial]",2016-01-08,"Y84k2cOkgLM",2901
"Roberta Miranda","Roberta Miranda - Valeu a Pena - Tudo Isto √© Fado - [√Åudio Oficial]",2016-04-19,"AtBtWdfoZIc",1647
"Roberta Miranda","Roberta Miranda - Moreno - Volume 8 - [√Åudio Oficial]",2016-02-26,"i4sFZpP74gk",3890
"Roberta Miranda","Roberta Miranda - Meu Dengo - Colet√¢neas - [√Åudio Oficial]",2016-01-29,"fs3dVjIwd1I",2230
"Roberta Miranda","Roberta Miranda - N√£o Tem Jeito, n√£o - Ao Vivo 2004 DVD - [V√≠deo Oficial]",2016-05-06,"vVwoeFUo1t4",2087
"Roberta Miranda","Roberta Miranda - Muta√ß√£o - Volume 7 - [√Åudio Oficial]",2016-02-19,"orqT41X09Cc",1448
"Roberta Miranda","Roberta Miranda - Vamos Falar de N√≥s - Volume 3 - [√Åudio Oficial]",2016-01-15,"jHbEE52cjIE",4136
"Roberta Miranda","Roberta Miranda - Um Minuto a Mais - Ac√∫stico Ao vivo - [V√≠deo Oficial]",2016-05-20,"cE2QLL0ko6U",5437
"Roberta Miranda","Roberta Miranda - Anel Brilhante - Hist√≥rias de Amor - [√Åudio Oficial]",2016-04-08,"NQXAJ3HtT8U",2113
"Roberta Miranda","Roberta Miranda - Amigos e Nada Mais - Ac√∫stico Ao vivo - [V√≠deo Oficial]",2016-05-20,"0szJAgqhVgE",5478
"Roberta Miranda","Roberta Miranda - √çdolo de Pano  - Vida - [√Åudio Oficial]",2016-03-11,"JFzQQbIqQV8",1561
"Roberta Miranda","Roberta Miranda - Eterno Chorar - Volume 2 - [√Åudio Oficial]",2016-01-08,"pMbho9hZkrE",1944
"Roberta Miranda","Roberta Miranda - Fim de Conversa - Caminhos - [√Åudio Oficial]",2016-03-25,"A-uOF22MFl8",1292
"Roberta Miranda","Roberta Miranda - Esperan√ßa - Colet√¢neas - [√Åudio Oficial]",2016-01-29,"2KmQgrh0RGo",1845
"Roberta Miranda","Roberta Miranda - Meu Dengo - Ao Vivo 2004 DVD - [V√≠deo Oficial]",2016-05-06,"yMeV-9ikyM8",1196
"Roberta Miranda","Roberta Miranda - Atra√ß√£o fatal - Ao Vivo 2004 DVD - [V√≠deo Oficial]",2016-05-06,"p-ZO6v2Q0ys",2517
"Roberta Miranda","Roberta Miranda - D√≥i - Volume 3 - [√Åudio Oficial]",2016-01-15,"LMgqqehNF64",1080
"Roberta Miranda","Roberta Miranda - Al√©m de Mim - Caminhos - [√Åudio Oficial]",2016-03-25,"5uPyLrPEisg",2215
"Roberta Miranda","Roberta Miranda - Pimenta Malagueta - Volume 9 - [√Åudio Oficial]",2016-03-04,"ODlHOvPgmZI",1848
"Roberta Miranda","Roberta Miranda - Alma Sertaneja - [√Åudio Oficial]",2016-04-29,"UrtD7ARO4aQ",968
"Roberta Miranda","Roberta Miranda - De Igual pra Igual - A Majestade, O Sabi√° - [√Åudio Oficial]",2016-04-02,"piRP-kWPBzk",2114
"Roberta Miranda","Roberta Miranda - Sem a Sombra da Dor - Pele de Amor - [√Åudio Oficial]",2016-04-22,"uCpi1T_-MtM",1102
"Roberta Miranda","Roberta Miranda - Lembran√ßas - Ac√∫stico Ao Vivo - [√Åudio Oficial]",2016-05-13,"s2PD94Seghg",2316
"Roberta Miranda","Roberta Miranda - S√≥ N√≥s Dois - Tudo Isto √© Fado - [√Åudio Oficial]",2016-04-18,"A_8-xIe7PDs",2982
"Roberta Miranda","Roberta Miranda - O ideal pra mim - Ac√∫stico Ao Vivo - [√Åudio Oficial]",2016-05-13,"4gdDNZqO3DU",1752
"Roberta Miranda","Roberta Miranda - Gar√ßom - A Majestade, O Sabi√° - [√Åudio Oficial]",2016-04-02,"8VAwtfN9mqY",1788
"Roberta Miranda","Roberta Miranda - Que Amor √© Esse - Volume 3 - [√Åudio Oficial]",2016-01-15,"-ZzIEUF1Ph8",2545
"Roberta Miranda","Roberta Miranda - Vida - Volume 6 - [√Åudio Oficial]",2016-02-12,"Xhznu7TS5SE",1070
"Roberta Miranda","Roberta Miranda -Chamego e Remelexo - Volume 9 - [√Åudio Oficial]",2016-03-04,"RZ2XwDxCHjY",2064
"Roberta Miranda","Roberta Miranda - Vai Andorinha - Volume 9 - [√Åudio Oficial]",2016-03-04,"7GGGtWcHyQw",1606
"Roberta Miranda","Roberta Miranda - Meus Pais - Paix√£o - [√Åudio Oficial]",2016-03-18,"xBTvPYLg2K0",1315
"Roberta Miranda","Roberta Miranda - Decis√µes - Volume 4 - [√Åudio Oficial]",2016-01-22,"bjXrIZ3xVY4",2431
"Roberta Miranda","Roberta Miranda - Seu Amor Ainda √â Tudo - Paix√£o - [√Åudio Oficial]",2016-03-18,"7aNRVIGbNQw",2755
"Roberta Miranda","Roberta Miranda -  Terra Genu√≠na - Hist√≥rias de Amor - [√Åudio Oficial]",2016-04-08,"yXdBX-Vgb-g",1571
"Roberta Miranda","Roberta Miranda - Companheira da Noite  - Volume 7 - [√Åudio Oficial]",2016-02-19,"BwGxt-Po4i4",1448
"Roberta Miranda","Roberta Miranda - Eu Quero Sempre Mais - Ac√∫stico Ao vivo - [V√≠deo Oficial]",2016-05-20,"0PopUrW7_Z8",3165
"Roberta Miranda","Roberta Miranda - V√° Com Deus - Ao Vivo 2004 DVD - [V√≠deo Oficial]",2016-05-06,"O8065rCYPxY",1055
"Roberta Miranda","Roberta Miranda - Vamos Falar de N√≥s - Ac√∫stico Ao vivo - [V√≠deo Oficial]",2016-05-20,"-tC5Iwp0Pko",4183
"Roberta Miranda","Roberta Miranda - Teu Nome - Volume 3 - [√Åudio Oficial]",2016-01-15,"SQlYKnt66Pw",1124
"Roberta Miranda","Roberta Miranda - M√°scara - Paix√£o - [√Åudio Oficial]",2016-03-18,"z5jqIPIkQEw",1519
"Roberta Miranda","Roberta Miranda - No Cora√ß√£o, a Paix√£o, na Cabe√ßa, o Ci√∫me - Caminhos - [√Åudio Oficial]",2016-03-25,"ScdeCYUCyN4",1490
"Roberta Miranda","Roberta Miranda - N√£o Brinque Comigo N√£o - Volume 6 - [√Åudio Oficial]",2016-02-12,"SrBWP-3L_zw",1224
"Roberta Miranda","Roberta Miranda - Mais Uma Vez - Ac√∫stico Ao vivo - [V√≠deo Oficial]",2016-05-20,"VmcS0LI5vLE",2823
"Roberta Miranda","Roberta Miranda -  S√≥ Quero Te Dizer - Vida - [√Åudio Oficial]",2016-03-11,"9kMSNzxvyaI",1718
"Roberta Miranda","Roberta Miranda - Amor Plat√¥nico - Volume 3 - [√Åudio Oficial]",2016-01-15,"G_i0s_EPyRQ",1457
"Roberta Miranda","Roberta Miranda - Meu Dengo - A Majestade, O Sabi√° - [√Åudio Oficial]",2016-04-02,"Zn01Ob3G5ZY",900
"Roberta Miranda","Roberta Miranda - Amanh√£/Man√£na- A Majestade, O Sabi√° - [√Åudio Oficial]",2016-04-02,"sChJMfxs75Q",1942
"Roberta Miranda","Roberta Miranda - Vamos Falar de N√≥s - Colet√¢neas - [√Åudio Oficial]",2016-01-29,"0Y4zlqr4ZhE",1789
"Roberta Miranda","Roberta Miranda - Luar do Sert√£o - Colet√¢neas - [√Åudio Oficial]",2016-01-29,"PUHRuas2YW4",1740
"Roberta Miranda","Roberta Miranda - Bom Dia Tristeza - Volume 6 - [√Åudio Oficial]",2016-02-12,"2CdBc0pCxBo",1207
"Roberta Miranda","Roberta Miranda - Majestade, o Sabi√° - Ao Vivo 2004 DVD - [V√≠deo Oficial]",2016-05-06,"1M5X9K4Cc2o",3285
"Roberta Miranda","Roberta Miranda -   Carinho   - Volume 8 - [√Åudio Oficial]",2016-02-26,"Ne7As_4yI24",7194
"Roberta Miranda","Roberta Miranda - O Pior J√° Passou - Ac√∫stico Ao Vivo - [√Åudio Oficial]",2016-05-13,"3Z0_9Y22QMI",1860
"Roberta Miranda","Roberta Miranda - Meu Amor Bandido - Volume 7 - [√Åudio Oficial]",2016-02-19,"ABRqdZFz1Qs",2149
"Roberta Miranda","Roberta Miranda - P√£o de Mel - Ao Vivo 2004 DVD - [V√≠deo Oficial]",2016-05-06,"ruP5MK4F7KE",1046
"Roberta Miranda","Roberta Miranda - Mist√©rio - Volume 8 - [√Åudio Oficial]",2016-02-26,"7rOZ9UNvo1Q",5243
"Roberta Miranda","Roberta Miranda - A Vida √© um Carnaval  - Hist√≥rias de Amor - [√Åudio Oficial]",2016-04-08,"6eaJ3Ixv6KU",2811
"Roberta Miranda","Roberta Miranda - Se Chama Amor - Vida - [√Åudio Oficial]",2016-03-11,"VHg_F1uuu9U",1557
"Roberta Miranda","Roberta Miranda - Estou S√≥  - Hist√≥rias de Amor - [√Åudio Oficial]",2016-04-08,"ddXM6hi3sZU",2684
"Roberta Miranda","Roberta Miranda - Dois Em Um - Alma Sertaneja- [√Åudio Oficial]",2016-04-29,"wn1sRDwaAw8",1858
"Roberta Miranda","Roberta Miranda - Sol da Minha Vida - [√Åudio Oficial]",2016-02-05,"YIg9DyN8RfM",3482
"Roberta Miranda","Roberta Miranda - Jogo de Damas - Pele de Amor - [√Åudio Oficial]",2016-04-22,"YGHC_60zNSU",1700
"Roberta Miranda","Roberta Miranda - Cad√™ Voc√™ - Ao Vivo 2004 DVD - [V√≠deo Oficial]",2016-05-06,"6TofHfvH9vo",3492
"Roberta Miranda","Roberta Miranda - Estrada Da Vida - A Majestade, O Sabi√° - [√Åudio Oficial]",2016-04-02,"H-ToIuKjZfA",2544
"Roberta Miranda","Roberta Miranda - Gra√ßas a Deus - Volume 4 - [√Åudio Oficial]",2016-01-22,"6YQv8Vc8nuI",1394
"Roberta Miranda","Roberta Miranda - Mil Faces - Ac√∫stico Ao vivo - [V√≠deo Oficial]",2016-05-20,"ONnYnLcRvTo",8185
"Roberta Miranda","Roberta Miranda - Deixando a Vida Fluir - Hist√≥rias de Amor - [√Åudio Oficial]",2016-04-08,"hHZQbpe5QO0",1953
"Roberta Miranda","Roberta Miranda - √â Amor Demais - Paix√£o - [√Åudio Oficial]",2016-03-18,"CDIn0JZfGds",1883
"Roberta Miranda","Roberta Miranda - Lisboa Antiga - Tudo Isto √© Fado - [√Åudio Oficial]",2016-04-19,"8_kgoEU-j8Y",1003
"Roberta Miranda","Roberta Miranda -  Can√ß√£o do Mar  - Volume 8 - [√Åudio Oficial]",2016-02-26,"Oy2SUsGtXpA",4528
"Roberta Miranda","Roberta Miranda - Majestade, o Sabi√° / Que V√° √† Luta - Ac√∫stico Ao vivo - [V√≠deo Oficial]",2016-05-20,"pNV1dBmrcG4",10126
"Roberta Miranda","Roberta Miranda - Vamos falar de n√≥s - Ac√∫stico Ao Vivo - [√Åudio Oficial]",2016-05-13,"2ajqSR0gJPI",711
"Roberta Miranda","Roberta Miranda - Um Outro Rosto - Volume 6 - [√Åudio Oficial]",2016-02-12,"AoHp4OS6S68",1090
"Roberta Miranda","Roberta Miranda - Pequeno Guerreiro - Volume 2 - [√Åudio Oficial]",2016-01-08,"atQzYQ9O8PU",1249
"Roberta Miranda","Roberta Miranda - Deixe-me Outro Dia, Menos Hoje - Ac√∫stico Ao vivo - [V√≠deo Oficial]",2016-05-20,"DbmUh02LhSQ",6193
"Roberta Miranda","Roberta Miranda - Eu quero confessar/ Hoy Quiero Confesarme - Caminhos - [√Åudio Oficial]",2016-03-25,"9sMFN8XhUGU",1148
"Roberta Miranda","Roberta Miranda - Sol da Minha Vida - A Majestade, O Sabi√° - [√Åudio Oficial]",2016-04-02,"DJJXZQnfyfc",781
"Roberta Miranda","Roberta Miranda - Chuva de Amor  - Volume 9 - [√Åudio Oficial]",2016-03-04,"-VgMfE8D0CM",1865
"Roberta Miranda","Roberta Miranda - Este Bem - Volume 4 - [√Åudio Oficial]",2016-01-22,"KjcQcNUBbno",1534
"Roberta Miranda","Roberta Miranda - Anjo Meu - Volume 7 - [√Åudio Oficial]",2016-02-19,"_rmm9kqFPdE",2067
"Roberta Miranda","Roberta Miranda - Aos Insens√≠veis - Volume 3 - [√Åudio Oficial]",2016-01-15,"3Js8cZkxJDI",1861
"Roberta Miranda","Roberta Miranda - Meu Ch√£o - Volume 7 - [√Åudio Oficial]",2016-02-19,"GPINC7ES0_k",1324
"Roberta Miranda","Roberta Miranda - Colo das Manh√£s - Vida - [√Åudio Oficial]",2016-03-11,"Fuxi46unbPw",1175
"Roberta Miranda","Roberta Miranda - Foi Voc√™ Quem Quis - Ac√∫stico Ao vivo - [V√≠deo Oficial]",2016-05-20,"RVvxOhO-MqQ",4280
"Roberta Miranda","Roberta Miranda - Amor Plat√¥nico - Colet√¢neas - [√Åudio Oficial]",2016-01-29,"vQzelXJ40e4",984
"Roberta Miranda","Roberta Miranda - Se √© Pra Brincar de Amor- Caminhos - [√Åudio Oficial]",2016-03-25,"K5bgEwAdQKo",1537
"Roberta Miranda","Roberta Miranda - Ai Mouraria - Tudo Isto √© Fado - [√Åudio Oficial]",2016-04-18,"1b2UM3kYBJg",1527
"Roberta Miranda","Roberta Miranda - Quarto e Sala - Pele de Amor - [√Åudio Oficial]",2016-04-22,"G4lUlrgjC1M",1173
"Roberta Miranda","Roberta Miranda - Eu quero sempre mais - Ac√∫stico Ao Vivo - [√Åudio Oficial]",2016-05-13,"KWKRNa_fJmk",953
"Roberta Miranda","Roberta Miranda - Fantasmas - Caminhos - [√Åudio Oficial]",2016-03-25,"bh4TBpZFSNE",697
"Roberta Miranda","Roberta Miranda - Eu Acho Que Estou Perdendo Voc√™ - Pele de Amor - [√Åudio Oficial]",2016-04-22,"269Z22TxEY0",1685
"Roberta Miranda","Roberta Miranda - Muito Estranho - Volume 7 - [√Åudio Oficial]",2016-02-19,"pljMQrBCvww",1675
"Roberta Miranda","Roberta Miranda - Chuva de Amor - Colet√¢neas - [√Åudio Oficial]",2016-01-29,"EL42DuhR2Yc",1138
"Roberta Miranda","Roberta Miranda - V√≠cio de Amar - Pele de Amor - [√Åudio Oficial]",2016-04-22,"17adO53hiK0",1021
"Roberta Miranda","Roberta Miranda - Olhos Castanhos - Paix√£o - [√Åudio Oficial]",2016-03-18,"aqe7cQA3N_k",914
"Roberta Miranda","Roberta Miranda - Onde Andar√° - Colet√¢neas - [√Åudio Oficial]",2016-01-29,"91FCJXUMwLw",1003
"Roberta Miranda","Roberta Miranda - Rei dos Reis - Colet√¢neas - [√Åudio Oficial]",2016-01-29,"kC6dkl_MTNY",1351
"Roberta Miranda","Roberta Miranda - Cabecinha no Ombro - Sol da Minha Vida - [√Åudio Oficial]",2016-02-05,"aQsKGf31IJs",2299
"Roberta Miranda","Roberta Miranda - Galope - Sol da Minha Vida - [√Åudio Oficial]",2016-02-05,"bu2nb0erN7c",1435
"Roberta Miranda","Roberta Miranda - Me Devolva a Vida - Hist√≥rias de Amor - [√Åudio Oficial]",2016-04-08,"BBpthZYxZtw",2224
"Roberta Miranda","Roberta Miranda - Dan√ßa das Chamas - Volume 9 - [√Åudio Oficial]",2016-03-04,"sQnt9rAcXIc",1658
"Roberta Miranda","Roberta Miranda - Amigos e Nada Mais - Alma Sertaneja- [√Åudio Oficial]",2016-04-29,"7aOmNDNRcaE",657
"Roberta Miranda","Roberta Miranda -Hist√≥ria do Sert√£o - Alma Sertaneja- [√Åudio Oficial]",2016-04-29,"Ub2PqdhPi7s",940
"Roberta Miranda","Roberta Miranda - Nem √†s Paredes Confesso - Ao Vivo 2004 DVD - [V√≠deo Oficial]",2016-05-06,"oyUc969dbCI",4001
"Roberta Miranda","Roberta Miranda -  Interesseira - Volume 8 - [√Åudio Oficial]",2016-02-26,"19PLe-JX3Z4",3489
"Roberta Miranda","Roberta Miranda - Ningu√©m Me Viu Chorar - Volume 9 - [√Åudio Oficial]",2016-03-04,"1VxrwbhewOg",1504
"Roberta Miranda","Roberta Miranda - Maldi√ß√£o - Tudo Isto √© Fado - [√Åudio Oficial]",2016-04-19,"Ts3sSJfRO7k",780
"Roberta Miranda","Roberta Miranda - Teu Adeus - Volume 7 - [√Åudio Oficial]",2016-02-19,"8un-mMdCN6Q",1672
"Roberta Miranda","Roberta Miranda - T√¥ Querendo (Esse Tempo Todo) - Vida - [√Åudio Oficial]",2016-03-11,"vBVrsdaZRr0",721
"Roberta Miranda","Roberta Miranda - Em Forma de Can√ß√£o - Sol da Minha Vida - [√Åudio Oficial]",2016-02-05,"ssGGsi_y4gA",1974
"Roberta Miranda","Roberta Miranda - √öltimo Desejo - Ao Vivo 2004 DVD - [V√≠deo Oficial]",2016-05-06,"3njCCJubtoM",903
"Roberta Miranda","Roberta Miranda - Voc√™ N√£o Vem - Pele de Amor - [√Åudio Oficial]",2016-04-22,"4W8Oc8lOS-w",1033
"Roberta Miranda","Roberta Miranda - O Amor Que Chega - Vida - [√Åudio Oficial]",2016-03-11,"4oU4x_ygtDc",966
"Roberta Miranda","Roberta Miranda - Sem lado esquerdo - Ac√∫stico Ao Vivo - [√Åudio Oficial]",2016-05-13,"U5ZMrho9aiY",837
"Roberta Miranda","Roberta Miranda - Ne Me Quitte Pas - Pele de Amor - [√Åudio Oficial]",2016-04-22,"-EEDSgMQjKI",745
"Roberta Miranda","Roberta Miranda - Mais uma vez - Ac√∫stico Ao Vivo - [√Åudio Oficial]",2016-05-13,"8DmEBZYIXxs",502
"Roberta Miranda","Roberta Miranda - Tudo Isto √© Fado  - [√Åudio Oficial]",2016-04-19,"J68pt0Qv-i0",859
"Roberta Miranda","Roberta Miranda - N√£o Tem Jeito, N√£o - Pele de Amor - [√Åudio Oficial]",2016-04-22,"abmxUkzaK7A",891
"Roberta Miranda","Roberta Miranda - N√£o Se Avexe, N√£o - Volume 3 - [√Åudio Oficial]",2016-01-15,"jyMX7eXuWNI",791
"Roberta Miranda","Roberta Miranda - V√° com Deus - Volume 2 - [√Åudio Oficial]",2016-01-08,"6vMnDSh3qkE",2368
"Roberta Miranda","Roberta Miranda - N√£o Se Avexe, N√£o - Colet√¢neas - [√Åudio Oficial]",2016-01-29,"Gxb3rxFaL20",1041
"Roberta Miranda","Roberta Miranda - Foi Deus - Tudo Isto √© Fado - [√Åudio Oficial]",2016-04-19,"O2SUDVXjukI",1451
"Roberta Miranda","Roberta Miranda - Pra Ningu√©m Ficar Parado - Volume 9 - [√Åudio Oficial]",2016-03-04,"pu1ptcH8Dcc",1307
"Roberta Miranda","Roberta Miranda - Foi voc√™ quem quis - Ac√∫stico Ao Vivo - [√Åudio Oficial]",2016-05-13,"vpY7dxl34kU",758
"Roberta Miranda","Roberta Miranda - N√£o Tem Pra Ningu√©m - Caminhos - [√Åudio Oficial]",2016-03-25,"qpI4dswtCHk",1001
"Roberta Miranda","Roberta Miranda - Metade Cora√ß√£o, Metade A√ßo - Pele de Amor - [√Åudio Oficial]",2016-04-22,"CuYsfRSkEZQ",518
"Roberta Miranda","Roberta Miranda - Rosas  - Volume 6 - [√Åudio Oficial]",2016-02-12,"oZgZoDwSVm0",1431
"Roberta Miranda","Roberta Miranda - De Todo Cora√ß√£o - Sol da Minha Vida - [√Åudio Oficial]",2016-02-05,"lba3JGE1djI",1054
"Roberta Miranda","Roberta Miranda - Persegui√ß√£o - Tudo Isto √© Fado - [√Åudio Oficial]",2016-04-19,"8qtiaRCQdcE",449
"Roberta Miranda","Roberta Miranda - Tamba√∫ - Sol da Minha Vida - [√Åudio Oficial]",2016-02-05,"A-W5UQWPfns",1141
"Roberta Miranda","Clara Nunes - M√£e Guerreira ( Homenagem Roberta Miranda )",2016-01-11,"FtMW5zZ3_1E",1031
"Roberta Miranda","Roberta Miranda - Xang√¥ - Volume 4 - [√Åudio Oficial]",2016-01-22,"ew1ju1VVPyw",1026
"Roberta Miranda","Roberta Miranda - Um Minuto a Mais - Ac√∫stico Ao Vivo - [√Åudio Oficial]",2016-05-13,"DZtS6HHGnPc",529
"Roberta Miranda","Roberta Miranda - Desiguais - Sol da Minha Vida - [√Åudio Oficial]",2016-02-05,"TADuRgaSjyo",1197
"Roberta Miranda","Roberta Miranda - Criamos Ra√≠zes - A Majestade, O Sabi√° - [√Åudio Oficial]",2016-04-02,"h03q-MNsR5U",764
"Roberta Miranda","Roberta Miranda - Manda Um Beijo Pra Ela - (ENSAIO Do Novo DVD)",2017-02-06,"6fHBsOEiEpE",76206
"Roberta Miranda","Roberta Miranda - Abandono - (ENSAIO Do Novo DVD)",2017-02-03,"CRtWylGBBs4",55683
"Roberta Miranda","Roberta Miranda - Canalha Encantador - (ENSAIO Do Novo DVD)",2017-02-08,"rfG7yEayYg0",68994
"Roberta Miranda","Roberta Miranda - Coisas Que N√£o Voltam Mais - (ENSAIO Do Novo DVD)",2017-02-09,"sbsz7UxR594",49704
"Roberta Miranda","Roberta Miranda - Tempestade - (ENSAIO Do Novo DVD)",2017-02-03,"cfnoN4bRjR0",53731
"Roberta Miranda","Roberta Miranda - O Meu Cora√ß√£o Disse Sim - (ENSAIO Do Novo DVD)",2017-02-10,"ilS9e6_-BHA",49249
"May e Karen","Luan Santana - Te Esperando (Resposta) Karen Alves",2013-03-24,"RxjK1z4LAz0",6471347
"May e Karen","Luan Santana - Tudo Que Voc√™ Quiser (Cover) May e Karen",2013-10-12,"L1n6-2A8LtA",1102922
"May e Karen","May e Karen part. Avi√µes do Forr√≥ - Pianinho Caladinho",2014-12-01,"kwEuFz9EFeg",48518
"May e Karen","Munhoz & Mariano part Luan Santana - Longe Daqui (Cover) May & Karen",2014-11-11,"7_VGvOoSqW0",34185
"May e Karen","May e Karen - V√≠deo Release Wood's Bar S√£o Paulo",2014-07-28,"qUL-y7XinXY",8085
"May e Karen","May e Karen - Seu Tempo Passou (Gravado no Iphone)",2015-09-01,"2WjleiecTOA",159667
"May e Karen","May e Karen - Mente Fria (Gravado no Iphone)",2015-09-01,"uk6zQkyCN6g",35621
"May e Karen","May e Karen - O Que Eu Sinto √â Amor (Gravado no Iphone)",2015-09-01,"MjwbaH3eEv8",251580
"May e Karen","May e Karen - Invis√≠vel part. Mara Pavanelly",2015-11-09,"u_GuTV29TQw",172219
"May e Karen","May e Karen - Invis√≠vel (Gravado no Iphone)",2015-09-01,"RUjIf3rv5XE",22355
"May e Karen","May e Karen - Cora√ß√£o de Osso Part. Naiara Azevedo (Clipe Oficial)",2016-09-16,"iGBADf_ewdw",8392391
"May e Karen","May e Karen - Sinto Muito (V√≠deo Oficial do DVD)",2016-12-18,"AQc-LELTO5g",7496238
"May e Karen","May e Karen - Sentiu o Baque (V√≠deo Oficial do DVD)",2016-12-23,"lF4KEMzDjz8",1748843
"May e Karen","May e Karen - Sambou Na Minha Cara (V√≠deo Oficial do DVD)",2016-12-16,"d5HpeBBe2tA",4576051
"May e Karen","May e Karen - Vida de Solteiro part. Jo√£o Neto e Frederico (V√≠deo Oficial do DVD)",2016-12-22,"yjA65FOWCgk",1805612
"May e Karen","May e Karen - O Que Voc√™ Perdeu (V√≠deo Oficial do DVD)",2016-12-20,"UxlKrayRUY8",3386184
"May e Karen","May e Karen - Cora√ß√£o de Osso(Voz e Viol√£o)",2016-05-26,"hy9eSxKvfh4",54893
"May e Karen","May e Karen - Me Solta Que Eu Quero Beber (Voz e Viol√£o)",2016-05-22,"2PQYYBBvawQ",98803
"May e Karen","May e Karen - Acordo com a Saudade(Voz e Viol√£o)",2016-05-24,"yxm_Dt7-bJY",79354
"May e Karen","May e Karen - Tour 2015/2016",2016-10-27,"i7YidzbnGTw",8004
"May e Karen","May e Karen - Sede Ao Pote",2016-05-23,"3XYijH70dGQ",15859
"May e Karen","May e Karen - Making Of",2016-07-20,"IpIj8J_M6w0",6971
"May e Karen","May e Karen - Fashion V√≠deo Pahilly",2016-01-13,"kvBhm3IgmxM",8330
"May e Karen","May e Karen @ Wood's Bar S√£o Paulo",2016-06-10,"AWrq0bC53uA",6371
"May e Karen","May e Karen no S√£o Jo√£o 2016 - 1¬∫ Epis√≥dio",2016-07-28,"frXWGP75IgY",8989
"May e Karen","May e Karen - Estreia em Goi√¢nia",2016-11-29,"mSwQFDx2pys",12372
"May e Karen","May e Karen e Ivete Sangalo - Cora√ß√£o de Osso - Brega Light 2016",2016-11-04,"7EIF0TKHGL8",10323
"May e Karen","May e Karen no S√£o Jo√£o 2016 - 4¬∫ Epis√≥dio",2016-09-01,"zmaSFADfLV8",7391
"May e Karen","May e Karen - Teaser S√£o Jo√£o Maranh√£o 2016",2016-11-17,"Rf_r1WC-3tc",4917
"May e Karen","May e Karen no S√£o Jo√£o 2016 - 2¬∫ Epis√≥dio",2016-08-10,"OTJOFOqu_0g",12272
"May e Karen","May e Karen no S√£o Jo√£o 2016 - 3¬∫ Epis√≥dio",2016-08-18,"2E11Z8Rx4Qw",7580
"May e Karen","May e Karen - Vira Homem (V√≠deo Oficial do DVD)",2017-01-05,"xPaUxdZvNsE",2058118
"May e Karen","May e Karen - Brigar Na Cama (V√≠deo Oficial do DVD)",2017-01-03,"Gn_rBmb9wi4",1866589
"May e Karen","May e Karen - Tesoura (V√≠deo Oficial do DVD)",2017-01-10,"aIQcpEqcpYw",183040
"May e Karen","May e Karen - Me Solta Que Eu Quero Beber (V√≠deo Oficial do DVD)",2017-01-12,"NQtqEl2hgzU",339265
"Thaeme","Consultoria de Estilo: Experi√™ncia de Compras",2015-12-02,"1El0qrVNkS4",4497
"Thaeme","Blog da Thaeme - Dica de como tirar a maquiagem",2015-11-23,"PCfOSqcfvqw",23261
"Thaeme","Meu treino",2015-08-14,"2eOnZsV_hgA",5196
"Thaeme","Meu Look do Show com Brilhos",2015-08-24,"GX1IQ8gmft0",2003
"Thaeme","Meu Casamento em Curitiba - Parte 1",2016-07-26,"uWLp9rfcQ6Q",138277
"Thaeme","Meu Casamento em Curitiba - Parte 2",2016-08-03,"wV93dLxh--Y",64300
"Thaeme","Meu Casamento em Cancun - Parte 1",2016-08-12,"rarmQ8MjsYs",7721
"Thaeme","Thaeme Responde | Parte 2",2016-07-29,"5k7NaD5Jk9w",20715
"Thaeme","Thaeme Responde | Parte 1",2016-07-24,"vta6I8XZW9g",23467
"Thaeme","Meu Casamento em Cancun - Parte 2",2016-08-26,"9f3omA7-vN8",2705
"Thaeme","Thaeme Responde | Parte 3",2016-08-12,"EWc11xgDpIU",5941
"Thaeme","Meu dia-a-dia | Meus Snaps",2016-08-05,"Dd6P2VoDw5Q",3731
"Thaeme","Os bastidores da estrada comigo! | Meus Snaps",2016-07-20,"P1Ub3fxN_lI",17269
"Thaeme","Thaeme se desepera no estilingue humano | Di√°rio de Bordo | F√©rias 2017",2017-01-24,"wpEiwLxQNH8",3523
"Thaeme","Di√°rio de Bordo | F√©rias 2017 | Busch Gardens",2017-01-23,"Xi4iU6F-zfg",2473
"Thaeme","Di√°rio de Bordo | F√©rias 2017 | iFly, Sling Shot, StarFlyer e Aline Barros",2017-01-24,"-Ut3ZTlT4VI",1071
"Thaeme","Di√°rio de Bordo | F√©rias 2017 | Sea World",2017-01-19,"NkNWnAJ3_C4",1608
"Thaeme","Di√°rio de Bordo | F√©rias 2017 | Universal Island of Adventure e Universal Studios",2017-01-26,"wXJD3lNi2SE",665
"Thaeme","Di√°rio de Bordo | F√©rias 2017 | Magic Kingdon e Hollywood Studios",2017-01-26,"YG6atKiIgYA",1143
"Fernanda Costa","Fernanda Costa part.Bruno & Marrone Dependente Desse Amor",2015-04-16,"E86xnvYXFr4",76970
"Fernanda Costa","Fernanda Costa - Pretexto (Clipe Oficial)",2015-06-02,"6jU2uJguLDo",57163
"Fernanda Costa","Fernanda Costa com Fabiano Cesa menote & Fabiano",2016-01-23,"MwnsBo1gyFM",1436
"Fernanda Costa","Fernanda Costa e B&M ver√£o sertanejo 2015",2016-01-23,"WAQQBqe9TS8",1172
"Fernanda Costa","Fernanda Costa isso c√™ num conta com Bruno do BeM",2016-01-23,"agcjQoQxqBw",1508
"Fernanda Costa","Fernanda costa e B&M Ver√£o sertanejo 2016  part-01",2016-01-22,"QNxP6G918xk",386
"Fernanda Costa","Fernanda Costa carnaval 2011",2016-01-23,"kvHe9Aylyks",237
"Fernanda Costa","Fernanda Costa e B&M ver√£o sertanejo 2016  part-2",2016-01-23,"ND8Me82dnxs",181
"Fernanda Costa","Fernanda Costa - Chame o Juiz (DVD Tempo Contado)",2017-01-27,"hfpYtYTan8U",7054368
"Fernanda Costa","V√≠deo de F√£ - Chame o Juiz #32",2017-02-01,"FaGLd_pBRPE",316
"Fernanda Costa","Fernanda Costa - DVD Tempo Contado (Teaser)",2017-01-20,"IAtjVHODjHc",27034
"Fernanda Costa","V√≠deo de F√£ - Chame o Juiz #20",2017-02-01,"QTWWhUT1aCI",306
"Fernanda Costa","V√≠deo de F√£ - Chame o Juiz #7",2017-02-01,"pN7o0NQgzRE",137
"Fernanda Costa","V√≠deo de F√£ - Chame o Juiz #27",2017-02-01,"j6uQYuPITJM",620
"Fernanda Costa","V√≠deo de F√£ - Chame o Juiz #17",2017-02-01,"n8gIQfmufYI",271
"Fernanda Costa","V√≠deo de F√£ - Chame o Juiz #23",2017-02-01,"nf3VMzyxBms",132
"Fernanda Costa","V√≠deo de F√£ - Chame o Juiz #31",2017-02-01,"5kCaUC6H55k",508
"Fernanda Costa","V√≠deo de F√£ - Chame o Juiz #29",2017-02-01,"UNV7N5GHfdI",346
"Fernanda Costa","V√≠deo de F√£ - Chame o Juiz #21",2017-02-01,"3dzLPx6rSDI",150
"Fernanda Costa","V√≠deo de F√£ - Chame o Juiz #3",2017-02-01,"PQMEtCOlmt8",240
"Fernanda Costa","V√≠deo de F√£ - Chame o Juiz #30",2017-02-01,"pytLiizxjkc",226
"Fernanda Costa","V√≠deo de F√£ - Chame o Juiz #2",2017-02-01,"QfV-KX-d5SU",342
"Fernanda Costa","V√≠deo de F√£ - Chame o Juiz #9",2017-02-01,"fjB0PEZqMNQ",127
"Fernanda Costa","V√≠deo de F√£ - Chame o Juiz #4",2017-02-01,"ii4Hija-nBU",275
"Fernanda Costa","V√≠deo de F√£ - Chame o Juiz #1",2017-02-01,"Q37OIQgbxXM",834
"Fernanda Costa","V√≠deo de F√£ - Chame o Juiz #5",2017-02-01,"bwkxq551q7Q",149
"Fernanda Costa","V√≠deo de F√£ - Chame o Juiz #28",2017-02-01,"cyYJWDy_uNw",123
"Fernanda Costa","V√≠deo de F√£ - Chame o Juiz #35",2017-02-01,"xwzBnHOrrRE",232
"Fernanda Costa","V√≠deo de F√£ - Chame o Juiz #8",2017-02-01,"CtWrSsEMBG8",97
"Fernanda Costa","V√≠deo de F√£ - Chame o Juiz #12",2017-02-01,"UYDjIAj7yGE",64
"Fernanda Costa","V√≠deo de F√£ - Chame o Juiz #11",2017-02-01,"aqvwAjCCrZU",97
"Fernanda Costa","V√≠deo de F√£ - Chame o Juiz #15",2017-02-01,"nsSOu3Hej7Y",142
"Fernanda Costa","V√≠deo de F√£ - Chame o Juiz #33",2017-02-01,"3YBMWdjGviA",86
"Fernanda Costa","V√≠deo de F√£ - Chame o Juiz #13",2017-02-01,"iQbz223TBF0",97
"Fernanda Costa","V√≠deo de F√£ - Chame o Juiz #18",2017-02-01,"wN-Gp0RgneA",89
"Fernanda Costa","V√≠deo de F√£ - Chame o Juiz #14",2017-02-01,"gs-QhJPT2CU",82
"Fernanda Costa","V√≠deo de F√£ - Chame o Juiz #24",2017-02-01,"_gaGK9SJAH8",131
"Fernanda Costa","V√≠deo de F√£ - Chame o Juiz #6",2017-02-01,"EBnbzkhff0U",189
"Fernanda Costa","V√≠deo de F√£ - Chame o Juiz #34",2017-02-01,"gmsGHh8hiVY",124
"Fernanda Costa","V√≠deo de F√£ - Chame o Juiz #16",2017-02-01,"ZIh8P9jZr9Q",105
"Fernanda Costa","V√≠deo de F√£ - Chame o Juiz #10",2017-02-01,"Aw5J9WLYCg0",101
"Fernanda Costa","V√≠deo de F√£ - Chame o Juiz #19",2017-02-01,"NMM8AA-r4Bk",80
"Fernanda Costa","V√≠deo de F√£ - Chame o Juiz #25",2017-02-01,"EPrug78_wfc",145
"Fernanda Costa","V√≠deo de F√£ - Chame o Juiz #22",2017-02-01,"_R1D6bikrDI",126
"Fernanda Costa","V√≠deo de F√£ - Chame o Juiz #26",2017-02-01,"TGZJFrI98XQ",284
"Lais","La√≠s - Falando √†s Paredes",2012-08-27,"rgJMwiBhlGU",579216
"Lais","La√≠s - Pra Sempre N√£o √© Nunca Mais",2012-07-02,"PJGiK4GunWQ",216457
"Lais","La√≠s - Majestade, O Sabi√°",2012-10-29,"U5YATShVVE8",185245
"Lais","La√≠s - Alone (Cover)",2012-08-27,"R_WPiwNvcbo",122831
"Lais","La√≠s - Amor Sem Pre√ßo",2012-07-07,"iS-pLZc8ZYg",224345
"Lais","La√≠s - Tempo",2012-07-03,"Sh3xjncjUYQ",109997
"Lais","La√≠s - Sem Resposta",2012-07-05,"wFFZAE8fL3A",72921
"Lais","La√≠s - T√¥ Mal",2012-06-08,"LcjYW_BsCwU",64680
"Lais","La√≠s - Volta Comigo",2012-06-10,"Ib8P4CoQltI",182217
"Lais","La√≠s - Para N√£o Para",2012-10-29,"CoSS5V1YJl4",33111
"Lais","La√≠s - Para N√£o Para",2012-07-11,"uVwc3xPsQKs",60410
"Lais","La√≠s - Chega de Palpite",2012-07-04,"9U1C06g82Mg",46390
"Lais","La√≠s - Apar√™ncias Enganam",2012-07-08,"9jCpwuw8_XQ",58081
"Lais","La√≠s - Mist√©rio do Amor",2012-07-09,"lkdgbxLGp3k",126883
"Lais","La√≠s - Para N√£o Para",2012-05-31,"rTFzx8xYr5A",75180
"Lais","La√≠s - Oh Menino",2012-07-09,"jWVp9V96WZ4",34904
"Lais","La√≠s - Eu So Queria Te Amar (Corre)",2013-09-23,"DG9rXIvwzsg",5985972
"Lais","La√≠s - Dindon Dindon - Colet√¢nea Som Livre - Natal em Familia",2013-11-19,"MRytz_vm3zc",113879
"Lais","La√≠s - Minha Estrela Perdida",2014-02-10,"k9gxnFpRKss",1062080
"Lais","La√≠s e Gusttavo Lima - 3 Horas da Manh√£ (Lyric V√≠deo)",2014-05-12,"n-8lSrldZqg",999306
"Lais","La√≠s - T√¥ Mal",2014-03-10,"Wbk2uhdBH00",612762
"Lais","La√≠s - Caminheiro",2014-02-24,"OB0QNMTy0KU",172833
"Lais","La√≠s - I Knew You Were Trouble  ( Taylor Swift )",2014-03-19,"FeanrcegZL0",82845
"Lais","La√≠s - When Love Takes Over",2014-02-17,"We9sR2QgbBM",95468
"Lais","La√≠s - Logo Eu ( Jorge & Mateus )",2015-02-09,"ZtPWdLlVmgE",389582
"Lais","La√≠s e Bruno & Marrone - Eu Ainda Te Amo",2015-09-01,"nwN3PTz9O70",470914
"Lais","La√≠s - Saudade Bandida (Zeze di Camargo e Luciano - Cover)",2015-03-17,"_mT8okdl15k",333532
"Lais","La√≠s - Eu S√≥ Queria Te Amar - Miss S√£o Paulo 2015",2015-06-08,"UI8DoZumyDo",338506
"Lais","Eu s√≥ Queria Te Amar - ( Tema da Novela Mil e Uma Noites )",2015-03-05,"dIoa-F9lMkc",456502
"Lais","La√≠s - Estrada da Vida - Homenagem a Jos√© Rico - DVD Hospital do C√¢ncer de Barretos",2015-11-24,"9Hxu5-5qqA4",96061
"Lais","La√≠s - Try ( Pink )",2015-03-31,"8reC1CPfKC4",74691
"Lais","La√≠s - Rude ( Magic )",2015-02-24,"ZRJ4ofHHFI0",110316
"Lais","La√≠s - Saudade Bandida -  Show ""Mil e Uma Noites"" -  Band TV",2015-05-26,"WoVIL_qYmzU",56029
"Lais","La√≠s - Jornal da Noite - Band - Tema de ""Mil e Uma Noites""",2015-03-07,"V79G2UfqCJg",50668
"Lais","La√≠s - Teaser de Divulga√ß√£o",2015-04-06,"TuSnAmJSMx4",34528
"Lais","La√≠s - 02 DE JULHO no Villa Country",2015-06-15,"FTq3c9mN074",24967
"Lais","La√≠s - Temporal de amor ( Leonardo )",2016-01-25,"qsB7v55aaGo",128545
"Lais","La√≠s - Cabecinha no Ombro",2016-03-15,"rdxPiY89uRY",13264
"Lais","La√≠s - Time After Time ( Cyndi Lauper )",2016-02-22,"J3Mb3NJwv34",45060
"Suellen Santos","SUELLEN SANTTOS - FAVORITA (VIDEO CLIPE OFICIAL)",2012-06-26,"5uKY8UUt4NY",774567
"Suellen Santos","Suellen Santtos - Em Madri",2012-08-10,"h9fmYWo8sSY",14108
"Suellen Santos","DVD Suellen Santtos - Sou Toda Amor",2013-05-02,"U8qJ5NA5ub8",480794
"Suellen Santos","DVD Suellen Santtos - Cora√ß√£o Pequeno",2013-04-17,"ywgs5E5Y28o",177295
"Suellen Santos","DVD Suellen Santtos - Eu Gosto de Voc√™",2013-08-30,"b2smycT1VPo",18956
"Suellen Santos","Suellen Santtos - Te Quiero (Clipe Oficial) - #TeQuiero",2014-09-08,"WSMVzobUl0U",56097
"Suellen Santos","Suellen Santtos - Tome Amor (official video clipe)",2014-02-07,"8KRuGp0Fs3c",50349
"Suellen Santos","Suellen Santtos - Te Quiero (Teaser)",2014-11-27,"iJ6_H7GNgDI",297153
"Suellen Santos","Suellen Santtos - Universo Paralelo",2015-04-01,"6m4dzJdiLe4",4224
"Suellen Santos","Suellen Santtos - Ela Vai de Camarote - Lyric",2016-05-23,"R4fJeVOCmfY",9339
"Suellen Santos","Suellen Santtos - Olhar Bandido",2016-10-28,"W-ktroUKw2o",11895
"Suellen Santos","Suellen Santtos - Rainhas da Balada",2016-10-25,"CDy456-qC38",3966
"Suellen Santos","Suellen Santtos - Pra Que?",2016-10-27,"fNv8A6BL87s",896
"Suellen Santos","Suellen Santtos - Aposta A√≠",2016-10-26,"3CG4SNU5t9U",6203
"Suellen Santos","Suellen Santtos - Escolhi Esperar",2016-10-24,"dAg89cL407Y",255
"Tuta Guedes","Tuta Guedes - Vai chorar como eu",2011-06-11,"WZF-9MKcm3M",75781
"Tuta Guedes","Tutta Guedes - Vai Chorar Como Eu ( Teaser )",2011-03-21,"3Qennhoqo2s",2335
"Tuta Guedes","Tuta Guedes - Onde Est√°",2012-07-28,"f1aMXsfPiTQ",104304
"Tuta Guedes","TUTA GUEDES - TEST DRIVE (Gravado na Times Square - Nova York)",2012-10-31,"NZX6otA7RvU",50184
"Tuta Guedes","TUTA GUEDES - HOJE EU VOU CAUSAR - Ao Vivo na Est√¢ncia Alto da Serra/ SP",2012-09-26,"oma0xpb2AIM",44881
"Tuta Guedes","Tuta Guedes - Para Para part. Hugo e Tiago (DVD OFICIAL)",2013-07-06,"TaSJqoAhqAk",709777
"Tuta Guedes","Tuta Guedes - Luar do Sert√£o part. Sergio Reis (DVD Oficial)",2013-06-03,"dGYWQXV7aQs",58357
"Tuta Guedes","Tuta Guedes em entrevista no programa Mara em Destak da TV Gera√ß√£o Z | 29/11/2013",2013-12-18,"Ad-k8OPtmSI",650
"Tuta Guedes","Tuta Guedes - V√≠deo Turn√™ 2013",2013-04-11,"IC9D2GyNLfc",3147
"Tuta Guedes","Coromandel (MG) canta o sucesso ""Para Para"" da cantora Tuta Guedes",2013-10-23,"3J08V2xuRqE",494
"Tuta Guedes","Mogi Mirim (SP) canta com Tuta Guedes o sucesso ""Para Para""",2013-10-23,"NPT7ZVqzF10",538
"Tuta Guedes","Tuta guedes √© entrevistada no Programa Ferretti Jr. | 31/10/13",2013-12-18,"ntHF2hTa9yk",213
"Tuta Guedes","Tuta Guedes part. Israel e Rodolffo - O Motivo √© Voc√™ (DVD Oficial)",2014-01-17,"pP30rPYccng",955991
"Tuta Guedes","Tuta Guedes - Vem me ver (Lyric Oficial)",2014-10-21,"6-aTy3o5aQE",220061
"Tuta Guedes","Tuta Guedes - Se eu Te Pego Oh (DVD OFICIAL)",2014-08-13,"OD5F1hFDBZM",36627
"Tuta Guedes","Tuta Guedes - O Motivo √© Voc√™ (Ac√∫stico) - Clipe Oficial",2014-07-24,"1CJ-hTcn5cU",64504
"Tuta Guedes","Tuta Guedes - Ai ai nen√©m (DVD OFICIAL)",2014-08-13,"BV3Wb3dt1_0",9676
"Tuta Guedes","Tuta Guedes - Cora√ß√£o At√¥mico (DVD OFICIAL)",2014-08-13,"_zrncdQhmh0",4727
"Tuta Guedes","Tuta Guedes - Onde Est√° (DVD OFICIAL)",2014-08-13,"eACt1MV7V1M",6187
"Tuta Guedes","Tuta Guedes - Como Num Filme (DVD OFICIAL)",2014-08-13,"lhLXfMyIL3g",13461
"Tuta Guedes","Tuta Guedes - Outras Vidas (DVD OFICIAL)",2014-08-13,"x-hMdrXXrZg",11225
"Tuta Guedes","Tuta Guedes - Vem C√° (DVD OFICIAL)",2014-08-13,"Bn751ZYI9cI",4686
"Tuta Guedes","Tuta Guedes - Enrola (DVD OFICIAL)",2014-08-13,"Zn_DSiHw3RU",6330
"Tuta Guedes","Tuta Guedes - Voc√™ Jamais vai Morrer em Mim - Part. George Israel",2014-07-25,"_dXIMBokGXY",11377
"Tuta Guedes","Tuta Guedes - Anjinho da Guarda (DVD OFICIAL)",2014-08-13,"PO4lDQBPmh8",6710
"Tuta Guedes","Tuta Guedes - Eu Ri (DVD OFICIAL)",2014-08-13,"YD9TjNmi99k",5023
"Tuta Guedes","Tuta Guedes - Test Drive (DVD OFICIAL)",2014-08-13,"1V1LlaZo0pg",3446
"Tuta Guedes","Tuta Guedes - Me Adora (DVD OFICIAL)",2014-08-13,"37PspvALnHg",5835
"Tuta Guedes","Tuta Guedes - Hoje Eu Vou Causar (DVD OFICIAL)",2014-08-13,"DrrXD0lsi_8",4220
"Tuta Guedes","Tuta Guedes - Espelhos d'√°gua (DVD OFICIAL)",2014-08-13,"rlUrCGkhbRE",3847
"Tuta Guedes","Tuta Guedes e Fernando Zor - Domingo de manh√£",2014-06-17,"16dqCQ3qutg",5285
"Tuta Guedes","Tuta Guedes na R√°dio Studio FM - Jaragu√° do Sul/SC",2014-06-30,"pBuqzJTn7D0",371
"Tuta Guedes","Tuta Guedes no programa Studio Sertanejo",2014-06-30,"PVhbH3On5sQ",393
"Tuta Guedes","Tuta Guedes - Se for pra ser volta (DVD OFICIAL)",2014-08-13,"nL21xSbjrVQ",6880
"Tuta Guedes","Tuta Guedes - Cabecinha no Ombro - O Motivo √©... cantar",2014-09-18,"YD9vWc3qdKw",3857
"Tuta Guedes","Tuta Guedes - V√≠deo Promo 2014",2014-07-15,"Tm-BuWo7PMA",586
"Tuta Guedes","Tuta Guedes - Programa Bom Dia Campo",2014-06-25,"0x6yF8_UzH0",369
"Tuta Guedes","Teaser 01  - Tuta Guedes - O Motivo √© Cantar",2014-09-17,"ymXaItAYOio",382
"Tuta Guedes","Tuta Guedes - Vem me ver (CLIPE OFICIAL)",2015-06-10,"kYLic8gY6DI",85113
"Tuta Guedes","Tuta Guedes - Na medida (Oficial)",2015-04-15,"_Iy-6TKo2fQ",19357
"Tuta Guedes","Tuta Guedes - Fog√£o de lenha (O MOTIVO √â CANTAR)",2015-05-07,"pWFgczH19u8",29300
"Tuta Guedes","Tuta Guedes - Al√¥, Liberdade (Single)",2015-11-05,"YXtZeMf1eJY",26867
"Tuta Guedes","Tuta Guedes - Aus√™ncia / Bijuteria (O MOTIVO √â CANTAR)",2015-08-06,"sb5Zf7I22ko",8372
"Tuta Guedes","TUTA GUEDES  - AL√î, LIBERDADE (Lyric Oficial)",2015-12-04,"hRReLe5fJXs",4905
"Tuta Guedes","Tuta Guedes - OBDC (Obedece)",2015-03-06,"nsghrIO8pd0",2235
"Tuta Guedes","""O Motivo √© Cantar"" - P√°gina de Amigos",2015-03-23,"_1pJQVM1khk",3349
"Tuta Guedes","TUTA GUEDES - S√©rie ""Al√¥, Liberdade"" - MARIANA",2015-12-03,"iSCD4aqdky0",424
"Tuta Guedes","Tuta Guedes - Eu Descobri (V√≠deo Clipe Oficial)",2016-04-14,"HOVI9_0-Hlk",693153
"Tuta Guedes","PaparaiÃÅ ‚Äì Tuta Guedes ‚Äì Wood's Balne√°rio Cambori√∫",2016-02-05,"fBkDnL8D21k",6124
"Tuta Guedes","Voce n√£o sabe ‚Äì Tuta Guedes",2016-01-23,"X6B_BakgimA",18380
"Tuta Guedes","Tuta Guedes - Vem Me Ver (Ac√∫stico)",2016-03-22,"HH4eumpzHy8",1023
"Tuta Guedes","Te Amei ‚Äì Tuta Guedes",2016-01-23,"Swd_HQgXIrM",4189
"Tuta Guedes","Quer saber ‚Äì Tuta Guedes",2016-01-23,"tchmBoYnDCU",2136
"Tuta Guedes","Sou Capaz - Tuta Guedes",2016-10-13,"r4BAbS5G6xE",685
"Tuta Guedes","Paparai - a Nova M√∫sica de Trabalho de Tuta Guedes",2016-11-23,"yEJIRXNmh08",920
"Tuta Guedes","N√£o Dou , N√£o Dou - Tuta Guedes",2016-10-13,"RCjNRIyTIgE",876
"Tuta Guedes","Tuta Guedes - Se Eu Te Pego Oh",2016-03-31,"okeFe7Pqykw",777
"Tuta Guedes","Mal De Amor - Tuta Guedes",2016-10-13,"DXEEDaKYcjY",191
"Tuta Guedes","Mas Mente - Tuta Guedes",2016-10-13,"Gr1bLmEu_fw",282
"Tuta Guedes","Tuta Guedes - Telefone Mudo",2016-03-10,"lo4BnBxuLq0",471
"Tuta Guedes","AS MELHORES DA GALERA DO CHAP√âU",2016-11-21,"cQBVL-OGQG4",270
"Tuta Guedes","Canto Livre - Tuta Guedes",2016-10-13,"u33_uol-AWQ",209
"Tuta Guedes","Tuta Guedes e Pedro Leonardo - Saudade da Minha Terra",2016-03-14,"sqKoLLD0i1I",661
"Tuta Guedes","Tuta Guedes - O Motivo √© voc√™",2016-03-09,"sS3hJLwOmFQ",622
"Tuta Guedes","Trem Bala - Ana Vilela // Cover Tuta Guedes",2017-04-12,"E_vFvHB5yso",359
