"title","publishedAt","video_id","videos_stats","viewCount","likes","dislikes","name"
"Wanessa Camargo - Assistindo Madonna na Stick & Sweet Tour, OMG!","2008-11-03","RMfvFYEDtrQ","list(id = ""RMfvFYEDtrQ"", viewCount = ""108548"", likeCount = ""126"", dislikeCount = ""17"", favoriteCount = ""0"", commentCount = ""59"")","108548","126","17","Wanessa"
"Wanessa Camargo - One Of Us (Joan Osbourne Cover)","2008-07-23","UITLGj9baDU","list(id = ""UITLGj9baDU"", viewCount = ""86349"", likeCount = ""101"", dislikeCount = ""7"", favoriteCount = ""0"", commentCount = ""51"")","86349","101","7","Wanessa"
"Wanessa Camargo - You've Got A Friend (James Taylor cover)","2008-07-30","yRtGNnOwfvg","list(id = ""yRtGNnOwfvg"", viewCount = ""166047"", likeCount = ""115"", dislikeCount = ""20"", favoriteCount = ""0"", commentCount = ""52"")","166047","115","20","Wanessa"
"Wanessa Camargo - Everybody Hurts (R.E.M. Cover)","2008-07-23","a9vNjdnHp34","list(id = ""a9vNjdnHp34"", viewCount = ""95979"", likeCount = ""64"", dislikeCount = ""29"", favoriteCount = ""0"", commentCount = ""43"")","95979","64","29","Wanessa"
"Wanessa Camargo - Pescador de Ilus√µes (O Rappa Cover)","2008-07-23","KOnJfnL3ZWU","list(id = ""KOnJfnL3ZWU"", viewCount = ""128230"", likeCount = ""77"", dislikeCount = ""21"", favoriteCount = ""0"", commentCount = ""44"")","128230","77","21","Wanessa"
"Wanessa Camargo - You Oughta Know  (Alanis Morissette Cover)","2008-07-23","SLTKLA5cW7s","list(id = ""SLTKLA5cW7s"", viewCount = ""46761"", likeCount = ""52"", dislikeCount = ""13"", favoriteCount = ""0"", commentCount = ""31"")","46761","52","13","Wanessa"
"Wanessa Camargo - Dossi√™ Wanessa (Epis√≥dio 1)","2009-07-03","Yox-DRM91mA","list(id = ""Yox-DRM91mA"", viewCount = ""13534"", likeCount = ""37"", dislikeCount = ""3"", favoriteCount = ""0"", commentCount = ""12"")","13534","37","3","Wanessa"
"Wanessa Camargo - Dossi√™ Wanessa (Epis√≥dio 2)","2009-07-09","ufjZYUxquvg","list(id = ""ufjZYUxquvg"", viewCount = ""7974"", likeCount = ""27"", dislikeCount = ""0"", favoriteCount = ""0"", commentCount = ""4"")","7974","27","0","Wanessa"
"Wanessa Camargo - Dossi√™ Wanessa (Epis√≥dio 3)","2009-07-10","d6jIZx0cIck","list(id = ""d6jIZx0cIck"", viewCount = ""22073"", likeCount = ""30"", dislikeCount = ""2"", favoriteCount = ""0"", commentCount = ""6"")","22073","30","2","Wanessa"
"Wanessa Camargo - N√£o T√¥ Pronta Pra Perdoar (Not Ready To Make Nice) [Ao Vivo no Citibank Hall]","2010-12-18","mIhOIARi-MU","list(id = ""mIhOIARi-MU"", viewCount = ""39690"", likeCount = ""310"", dislikeCount = ""6"", favoriteCount = ""0"", commentCount = ""39"")","39690","310","6","Wanessa"
"Wanessa Camargo - Abrazam√© (Ao Vivo no Citibank Hall)","2010-12-19","BDX1Gc1pftI","list(id = ""BDX1Gc1pftI"", viewCount = ""33728"", likeCount = ""274"", dislikeCount = ""5"", favoriteCount = ""0"", commentCount = ""46"")","33728","274","5","Wanessa"
"Wanessa Camargo - Tanta Saudade (Heaven Came Down) [Ao Vivo no Citibank Hall]","2010-12-19","UC9N_qbn44M","list(id = ""UC9N_qbn44M"", viewCount = ""57694"", likeCount = ""454"", dislikeCount = ""7"", favoriteCount = ""0"", commentCount = ""50"")","57694","454","7","Wanessa"
"Wanessa Camargo - Stuck On Repeat (Ao Vivo no Citibank Hall)","2010-12-21","aJvbPXc7tGU","list(id = ""aJvbPXc7tGU"", viewCount = ""43189"", likeCount = ""203"", dislikeCount = ""5"", favoriteCount = ""0"", commentCount = ""71"")","43189","203","5","Wanessa"
"Wanessa Camargo - Falling For U (Ao Vivo no Citibank Hall)","2010-12-21","r9Ion5FEdTA","list(id = ""r9Ion5FEdTA"", viewCount = ""72329"", likeCount = ""363"", dislikeCount = ""14"", favoriteCount = ""0"", commentCount = ""96"")","72329","363","14","Wanessa"
"Wanessa Camargo - Chamar Aten√ß√£o (Sick Inside) [Ao Vivo no Citibank Hall]","2010-12-18","a7y9hBeome4","list(id = ""a7y9hBeome4"", viewCount = ""35096"", likeCount = ""242"", dislikeCount = ""7"", favoriteCount = ""0"", commentCount = ""32"")","35096","242","7","Wanessa"
"Wanessa Camargo - O Amor N√£o Deixa (Love Won't Let Me) [[Ao Vivo no Citibank Hall]","2010-12-20","kGdDvjINekY","list(id = ""kGdDvjINekY"", viewCount = ""43909"", likeCount = ""282"", dislikeCount = ""11"", favoriteCount = ""0"", commentCount = ""38"")","43909","282","11","Wanessa"
"Wanessa Camargo - Amor Amor (Ao Vivo no Citibank Hall)","2010-12-21","dtvcKmimE6U","list(id = ""dtvcKmimE6U"", viewCount = ""57067"", likeCount = ""237"", dislikeCount = ""9"", favoriteCount = ""0"", commentCount = ""32"")","57067","237","9","Wanessa"
"Wanessa Camargo - Medley Ac√∫stico [Ao Vivo no Citibank Hall]","2010-12-19","VE4Bbt3Glh0","list(id = ""VE4Bbt3Glh0"", viewCount = ""51266"", likeCount = ""278"", dislikeCount = ""3"", favoriteCount = ""0"", commentCount = ""61"")","51266","278","3","Wanessa"
"Wanessa Camargo - S√≥ Se Vive Uma Vez (Ao Vivo no Citibank Hall)","2010-12-19","OHPuFgCFnC8","list(id = ""OHPuFgCFnC8"", viewCount = ""23750"", likeCount = ""228"", dislikeCount = ""2"", favoriteCount = ""0"", commentCount = ""68"")","23750","228","2","Wanessa"
"Wanessa Camargo - Vi Anjos (Ao Vivo no Citibank Hall)","2010-12-19","3TCtz8OMzVg","list(id = ""3TCtz8OMzVg"", viewCount = ""26866"", likeCount = ""182"", dislikeCount = ""4"", favoriteCount = ""0"", commentCount = ""31"")","26866","182","4","Wanessa"
"Wanessa Camargo -  Medley Pop (Ao Vivo no Citibank Hall)","2010-12-20","8BT0YAbMvsw","list(id = ""8BT0YAbMvsw"", viewCount = ""41865"", likeCount = ""280"", dislikeCount = ""13"", favoriteCount = ""0"", commentCount = ""62"")","41865","280","13","Wanessa"
"Wanessa Camargo - Ao Vivo no Citibank Hall (Making Of)","2010-12-18","ZzoxbeNiKfI","list(id = ""ZzoxbeNiKfI"", viewCount = ""16950"", likeCount = ""106"", dislikeCount = ""4"", favoriteCount = ""0"", commentCount = ""13"")","16950","106","4","Wanessa"
"Wanessa Camargo - Me Engana Que Eu Gosto (Mienteme) [Ao Vivo no Citibank Hall]","2010-12-20","S0MRqhWjlwo","list(id = ""S0MRqhWjlwo"", viewCount = ""33897"", likeCount = ""155"", dislikeCount = ""6"", favoriteCount = ""0"", commentCount = ""13"")","33897","155","6","Wanessa"
"Wanessa Camargo  -  Sem Querer (Ao Vivo no Citibank Hall)","2010-12-18","5wREraYr3sk","list(id = ""5wREraYr3sk"", viewCount = ""48969"", likeCount = ""311"", dislikeCount = ""12"", favoriteCount = ""0"", commentCount = ""51"")","48969","311","12","Wanessa"
"Wanessa Camargo - Party Line (Ao Vivo no Citibank Hall)","2010-12-20","sYiBuWmkFsI","list(id = ""sYiBuWmkFsI"", viewCount = ""18071"", likeCount = ""75"", dislikeCount = ""3"", favoriteCount = ""0"", commentCount = ""20"")","18071","75","3","Wanessa"
"Wanessa Camargo - N√£o Me Leve A Mal (Let Me Live) [Ao Vivo no Citibank Hall]","2010-12-20","kbnl1OFA4r0","list(id = ""kbnl1OFA4r0"", viewCount = ""28174"", likeCount = ""152"", dislikeCount = ""4"", favoriteCount = ""0"", commentCount = ""36"")","28174","152","4","Wanessa"
"Wanessa Camargo - Meu Menino (Ao Vivo no Citibank Hall)","2010-12-20","jcvfw5hlJj0","list(id = ""jcvfw5hlJj0"", viewCount = ""12189"", likeCount = ""59"", dislikeCount = ""2"", favoriteCount = ""0"", commentCount = ""10"")","12189","59","2","Wanessa"
"Wanessa Camargo - O Que Vem Do Reggae √â Bom (Ao Vivo no Citibank Hall)","2010-12-20","X9Qoqp9jpBs","list(id = ""X9Qoqp9jpBs"", viewCount = ""20261"", likeCount = ""89"", dislikeCount = ""3"", favoriteCount = ""0"", commentCount = ""18"")","20261","89","3","Wanessa"
"Wanessa Camargo - Medley Pop (Ao Vivo no Citibank Hall)","2010-12-21","wKZ8_McNGac","list(id = ""wKZ8_McNGac"", viewCount = ""43198"", likeCount = ""216"", dislikeCount = ""21"", favoriteCount = ""0"", commentCount = ""75"")","43198","216","21","Wanessa"
"Wanessa Camargo - Worth It (Ao Vivo no Citibank Hall)","2010-12-21","w0Nkwy2iz0c","list(id = ""w0Nkwy2iz0c"", viewCount = ""43950"", likeCount = ""155"", dislikeCount = ""14"", favoriteCount = ""0"", commentCount = ""57"")","43950","155","14","Wanessa"
"Wanessa Camargo - N√£o Resisto A N√≥s Dois (Ao Vivo no Citibank Hall)","2010-12-18","F_M2wfQlSps","list(id = ""F_M2wfQlSps"", viewCount = ""22586"", likeCount = ""147"", dislikeCount = ""5"", favoriteCount = ""0"", commentCount = ""24"")","22586","147","5","Wanessa"
"Wanessa Camargo - Fly (Ao Vivo no Citibank Hall)","2010-12-21","OBH0WP9mNmw","list(id = ""OBH0WP9mNmw"", viewCount = ""34668"", likeCount = ""106"", dislikeCount = ""13"", favoriteCount = ""0"", commentCount = ""43"")","34668","106","13","Wanessa"
"Wanessa Camargo - Dono Da Noite (Ao Vivo no Citibank Hall)","2010-12-20","TLM_b4Uz6iA","list(id = ""TLM_b4Uz6iA"", viewCount = ""11661"", likeCount = ""54"", dislikeCount = ""6"", favoriteCount = ""0"", commentCount = ""7"")","11661","54","6","Wanessa"
"Wanessa - Teaser Novo Show","2010-09-08","vT34myK6Lac","list(id = ""vT34myK6Lac"", viewCount = ""27443"", likeCount = ""64"", dislikeCount = ""5"", favoriteCount = ""0"", commentCount = ""32"")","27443","64","5","Wanessa"
"Wanessa - Voc√™ n√£o perde por esperar....","2010-08-02","3RcOIkvbdnk","list(id = ""3RcOIkvbdnk"", viewCount = ""43988"", likeCount = ""59"", dislikeCount = ""9"", favoriteCount = ""0"", commentCount = ""8"")","43988","59","9","Wanessa"
"Wanessa Camargo - Gosto Tanto (You Pop You Rock)","2010-04-13","w3FOV7qbmyE","list(id = ""w3FOV7qbmyE"", viewCount = ""22324"", likeCount = ""59"", dislikeCount = ""6"", favoriteCount = ""0"", commentCount = ""12"")","22324","59","6","Wanessa"
"Wanessa Camargo - DNA Photoshoot","2011-07-02","_sgzDZUafAg","list(id = ""_sgzDZUafAg"", viewCount = ""93481"", likeCount = ""316"", dislikeCount = ""25"", favoriteCount = ""0"", commentCount = ""78"")","93481","316","25","Wanessa"
"Wanessa Camargo - Hair & Soul (Making of)","2012-11-28","2EVLMadJ8hg","list(id = ""2EVLMadJ8hg"", viewCount = ""23335"", likeCount = ""248"", dislikeCount = ""18"", favoriteCount = ""0"", commentCount = ""75"")","23335","248","18","Wanessa"
"Wanessa Camargo - DNA","2012-05-29","HlN8VcJ70yg","list(id = ""HlN8VcJ70yg"", viewCount = ""68195"", likeCount = ""624"", dislikeCount = ""66"", favoriteCount = ""0"", commentCount = ""163"")","68195","624","66","Wanessa"
"Wanessa Camargo - Turn It Up (feat. Soulja Boy) [Lyric Video]","2013-11-26","PxqNgYuEi1c","list(id = ""PxqNgYuEi1c"", viewCount = ""362857"", likeCount = ""4273"", dislikeCount = ""169"", favoriteCount = ""0"", commentCount = ""686"")","362857","4273","169","Wanessa"
"Wanessa Camargo - DVD ""DNA Tour"" [Teaser]","2013-04-27","0C-eA0zzhO8","list(id = ""0C-eA0zzhO8"", viewCount = ""17545"", likeCount = ""181"", dislikeCount = ""1"", favoriteCount = ""0"", commentCount = ""30"")","17545","181","1","Wanessa"
"Wanessa Camargo - Turn It Up (feat. Soulja Boy) [Teaser]","2013-11-21","CI8lguMjNHs","list(id = ""CI8lguMjNHs"", viewCount = ""67343"", likeCount = ""681"", dislikeCount = ""24"", favoriteCount = ""0"", commentCount = ""92"")","67343","681","24","Wanessa"
"Wanessa Camargo - Cora√ß√£o Embriagado (√Ålbum 33) [V√≠deo Oficial]","2016-07-29","FsOp3UwuU00","list(id = ""FsOp3UwuU00"", viewCount = ""6900655"", likeCount = ""101881"", dislikeCount = ""3413"", favoriteCount = ""0"", commentCount = ""5861"")","6900655","101881","3413","Wanessa"
"Wanessa Camargo - Vai Que Vira Amor (√Ålbum 33) [V√≠deo Oficial]","2016-08-09","Ag1y42jfD9E","list(id = ""Ag1y42jfD9E"", viewCount = ""2328719"", likeCount = ""26988"", dislikeCount = ""917"", favoriteCount = ""0"", commentCount = ""1274"")","2328719","26988","917","Wanessa"
"Wanessa Camargo - Anestesia (√Ålbum ""33"") [Video Oficial]","2017-04-10","6shJKDhISNw","list(id = ""6shJKDhISNw"", viewCount = ""758237"", likeCount = ""18605"", dislikeCount = ""594"", favoriteCount = ""0"", commentCount = ""1426"")","758237","18605","594","Wanessa"
"Wanessa Camargo - Persegui√ß√£o (√Ålbum ''33'') [√Åudio Oficial]","2017-03-10","Uq7D0TsWVYk","list(id = ""Uq7D0TsWVYk"", viewCount = ""69703"", likeCount = ""1017"", dislikeCount = ""15"", favoriteCount = ""0"", commentCount = ""55"")","69703","1017","15","Wanessa"
"Wanessa Camargo - Em Cima Do Salto (√Ålbum ''33'') [√Åudio Oficial]","2017-03-10","n27NkwW7KRY","list(id = ""n27NkwW7KRY"", viewCount = ""71870"", likeCount = ""1157"", dislikeCount = ""18"", favoriteCount = ""0"", commentCount = ""68"")","71870","1157","18","Wanessa"
"Wanessa Camargo - Agora Eu Sei (√Ålbum ''33'') [√Åudio Oficial]","2017-03-10","Z6MECFscGLA","list(id = ""Z6MECFscGLA"", viewCount = ""88057"", likeCount = ""1281"", dislikeCount = ""18"", favoriteCount = ""0"", commentCount = ""78"")","88057","1281","18","Wanessa"
"Wanessa Camargo - Se Cuida (√Ålbum ''33'') [√Åudio Oficial]","2017-03-10","3cEaSuccYHA","list(id = ""3cEaSuccYHA"", viewCount = ""78887"", likeCount = ""1091"", dislikeCount = ""24"", favoriteCount = ""0"", commentCount = ""57"")","78887","1091","24","Wanessa"
"Wanessa Camargo - S√≥ D√° Eu e Voc√™ (√Ålbum ''33'') [√Åudio Oficial]","2017-03-10","CD3Uqw8iiH0","list(id = ""CD3Uqw8iiH0"", viewCount = ""62591"", likeCount = ""829"", dislikeCount = ""16"", favoriteCount = ""0"", commentCount = ""27"")","62591","829","16","Wanessa"
"Wanessa Camargo - N√£o Me Sufoca! (√Ålbum ''33'') [√Åudio Oficial]","2017-03-10","4f5QZyX-kkk","list(id = ""4f5QZyX-kkk"", viewCount = ""83480"", likeCount = ""1027"", dislikeCount = ""24"", favoriteCount = ""0"", commentCount = ""43"")","83480","1027","24","Wanessa"
"Wanessa Camargo - Eu Quero Ser a Outra (LA OTRA) (√Ålbum ''33'') [√Åudio Oficial]","2017-03-10","8GHdWdaYFEY","list(id = ""8GHdWdaYFEY"", viewCount = ""76527"", likeCount = ""976"", dislikeCount = ""31"", favoriteCount = ""0"", commentCount = ""120"")","76527","976","31","Wanessa"
"Wanessa Camargo - Amor de Conta-Gotas (√Ålbum ''33'') [√Åudio Oficial]","2017-03-10","mHZc7ePpBcU","list(id = ""mHZc7ePpBcU"", viewCount = ""47338"", likeCount = ""533"", dislikeCount = ""8"", favoriteCount = ""0"", commentCount = ""24"")","47338","533","8","Wanessa"
"Wanessa Camargo - Choveu Amor (√Ålbum ''33'') [√Åudio Oficial]","2017-03-10","yWOSPFttosA","list(id = ""yWOSPFttosA"", viewCount = ""39843"", likeCount = ""595"", dislikeCount = ""14"", favoriteCount = ""0"", commentCount = ""20"")","39843","595","14","Wanessa"
"Wanessa Camargo - Fa√ßo Chover (√Ålbum ''33'') [√Åudio Oficial]","2017-03-10","te7OFMx-7S8","list(id = ""te7OFMx-7S8"", viewCount = ""39442"", likeCount = ""464"", dislikeCount = ""6"", favoriteCount = ""0"", commentCount = ""25"")","39442","464","6","Wanessa"
"Wanessa Camargo - Vai Mentir Pra L√° (√Ålbum ''33'') [√Åudio Oficial]","2017-03-10","d5SZfRyTllE","list(id = ""d5SZfRyTllE"", viewCount = ""50562"", likeCount = ""691"", dislikeCount = ""18"", favoriteCount = ""0"", commentCount = ""18"")","50562","691","18","Wanessa"
"Wanessa Camargo - Se Ainda Tem Amor (√Ålbum ''33'') [√Åudio Oficial]","2017-03-10","tTMzyy4xCP4","list(id = ""tTMzyy4xCP4"", viewCount = ""47565"", likeCount = ""596"", dislikeCount = ""8"", favoriteCount = ""0"", commentCount = ""28"")","47565","596","8","Wanessa"
"Wanessa Camargo - Boquinha De A√ß√∫car (√Ålbum ''33'') [√Åudio Oficial]","2017-03-10","ObSi9SylrSc","list(id = ""ObSi9SylrSc"", viewCount = ""17962"", likeCount = ""243"", dislikeCount = ""12"", favoriteCount = ""0"", commentCount = ""16"")","17962","243","12","Wanessa"
"Wanessa Camargo - Lan√ßamento do √Ålbum 33 em S√£o Paulo","2017-03-29","-9ia0rEe-nY","list(id = ""-9ia0rEe-nY"", viewCount = ""25216"", likeCount = ""912"", dislikeCount = ""18"", favoriteCount = ""0"", commentCount = ""94"")","25216","912","18","Wanessa"
"Wanessa Camargo - Fora De Mim (√Ålbum ''33'') [√Åudio Oficial]","2017-03-10","YjT5oKfdH5s","list(id = ""YjT5oKfdH5s"", viewCount = ""24346"", likeCount = ""386"", dislikeCount = ""9"", favoriteCount = ""0"", commentCount = ""27"")","24346","386","9","Wanessa"
"AO VIVO - Album ""33"" faixa-a-faixa!! üìÄüé∂‚ù§Ô∏è","2017-03-11","yBfPb6doJbo","list(id = ""yBfPb6doJbo"", viewCount = ""36358"", likeCount = ""1055"", dislikeCount = ""41"", favoriteCount = ""0"", commentCount = ""80"")","36358","1055","41","Wanessa"
"Inscreva-se no meu canal!","2017-03-09","_X1rJ2K8l_c","list(id = ""_X1rJ2K8l_c"", viewCount = ""20703"", likeCount = ""506"", dislikeCount = ""24"", favoriteCount = ""0"", commentCount = ""46"")","20703","506","24","Wanessa"
